region_id,ring_type,vertex_id,ra_deg,dec_deg
0,exterior,0,146.43687660826808,4.551828182306413
0,exterior,1,146.43687684238324,4.551828193814711
0,exterior,2,148.10852198945125,4.551828258115751
0,exterior,3,148.10852249180806,4.551828233421657
0,exterior,4,148.10852254046753,4.551828228022144
0,exterior,5,148.10852327655604,4.551828200894063
0,exterior,6,149.41203875807477,4.551828251034729
0,exterior,7,149.41203973907392,4.551828299269061
0,exterior,8,149.4120407106095,4.551828443506668
0,exterior,9,149.41204166330922,4.551828682356111
0,exterior,10,149.41204258798257,4.551829013513243
0,exterior,11,149.41204347570934,4.551829433783437
0,exterior,12,149.41204431792576,4.551829939112408
0,exterior,13,149.41204510650707,4.551830524625316
0,exterior,14,149.41204583384595,4.551831184673804
0,exterior,15,149.41204649292587,4.551831912890476
0,exterior,16,149.41204707738876,4.551832702250329
0,exterior,17,149.4120475815964,4.5518335451385195
0,exterior,18,149.41204800068476,4.551834433423825
0,exterior,19,149.412048330611,4.551835358537083
0,exterior,20,149.41204856819232,4.551836311553857
0,exterior,21,149.4120487111368,4.551837283280529
0,exterior,22,149.4120487580655,4.5518382643429876
0,exterior,23,149.41006924030734,6.039272597383879
0,exterior,24,149.41006925150927,6.039272831564301
0,exterior,25,149.41006948567468,6.039272843077884
0,exterior,26,151.0857424350975,6.039272928528331
0,exterior,27,151.08574266926286,6.039272917014775
0,exterior,28,151.08574268046482,6.039272682834075
0,exterior,29,151.08376329446148,4.551838214203104
0,exterior,30,151.08376334139027,4.551837233140655
0,exterior,31,151.08376348433484,4.551836261414002
0,exterior,32,151.08376372191626,4.551835308397255
0,exterior,33,151.08376405184254,4.551834383284031
0,exterior,34,151.083764470931,4.551833494998766
0,exterior,35,151.0837649751387,4.551832652110623
0,exterior,36,151.08376555960166,4.5518318627508245
0,exterior,37,151.08376621868163,4.551831134534213
0,exterior,38,151.08376694602057,4.55183047448579
0,exterior,39,151.08376773460193,4.55182988897295
0,exterior,40,151.0837685768184,4.551829383644052
0,exterior,41,151.08376946454518,4.551828963373933
0,exterior,42,151.08377038921856,4.551828632216878
0,exterior,43,151.0837713419183,4.551828393367514
0,exterior,44,151.08377231345386,4.551828249129986
0,exterior,45,151.083773294453,4.551828200895733
0,exterior,46,152.5713319068066,4.551828258115751
0,exterior,47,152.57133214092178,4.551828246607473
0,exterior,48,152.57133215220827,4.5518280124816615
0,exterior,49,152.56983808621527,2.9746790849732907
0,exterior,50,152.5690454112864,1.5769471637713866
0,exterior,51,152.5690454589178,1.5769461832200646
0,exterior,52,152.5690456024651,1.576945212064147
0,exterior,53,152.56904584054487,1.5769442596631453
0,exterior,54,152.5690461708626,1.5769433351958206
0,exterior,55,152.5690465902349,1.576942447571724
0,exterior,56,152.56904709462,1.576941605345329
0,exterior,57,152.56904767915694,1.5769408166335896
0,exterior,58,152.56904833821224,1.5769400890377128
0,exterior,59,152.56904906543426,1.5769394295699009
0,exterior,60,152.5690498538144,1.5769388445857726
0,exterior,61,152.5690506957546,1.5769383397231107
0,exterior,62,152.56905158314072,1.5769379198475268
0,exterior,63,152.5690525074206,1.5769375890055708
0,exterior,64,152.56905345968642,1.5769373503857307
0,exterior,65,152.56905443076076,1.5769372062877045
0,exterior,66,152.56905541128492,1.576937158100236
0,exterior,67,153.42606666879368,1.576937169531418
0,exterior,68,153.42606690280942,1.5769371580335811
0,exterior,69,153.4260669142631,1.5769369240158069
0,exterior,70,153.42575225982634,-0.0894353974401059
0,exterior,71,153.4257522482895,-0.08943563140410854
0,exterior,72,153.4257520143233,-0.08943564289674875
0,exterior,73,151.94431455573962,-0.08943564177591919
0,exterior,74,151.94431357545076,-0.08943568994022078
0,exterior,75,151.9443126046049,-0.08943583396916555
0,exterior,76,151.94431165255406,-0.08943607247534278
0,exterior,77,151.94431072846916,-0.08943640316125583
0,exterior,78,151.94430984125185,-0.08943682284145343
0,exterior,79,151.94430899944854,-0.0894373274732149
0,exterior,80,151.94430821116822,-0.08943791219549295
0,exterior,81,151.94430748400424,-0.08943857137573957
0,exterior,82,151.9443068249613,-0.0894392986641635
0,exterior,83,151.9443062403879,-0.08944008705489695
0,exterior,84,151.9443057359151,-0.0894409289534821
0,exterior,85,151.94430531640245,-0.08944181625002749
0,exterior,86,151.94430498589102,-0.08944274039732945
0,exterior,87,151.94430474756462,-0.08944369249320608
0,exterior,88,151.944304603719,-0.0894446633662508
0,exterior,89,151.9443045557398,-0.0894456436641792
0,exterior,90,151.94458542228918,-1.576881386082009
0,exterior,91,151.94458541083551,-1.5768816200997833
0,exterior,92,151.94458517681977,-1.5768816315976202
0,exterior,93,150.4631043430285,-1.5768816118376898
0,exterior,94,150.46310385229282,-1.5768816238860166
0,exterior,95,150.46310369533836,-1.5768816315976202
0,exterior,96,148.79610000495043,-1.5768816093631937
0,exterior,97,148.79609977093472,-1.5768815978653505
0,exterior,98,148.79609975948105,-1.5768813638475063
0,exterior,99,148.79638064474722,-0.0894456446452146
0,exterior,100,148.79638059676802,-0.08944466434727777
0,exterior,101,148.79638045292242,-0.08944369347422362
0,exterior,102,148.796380214596,-0.08944274137833684
0,exterior,103,148.79637988408462,-0.08944181723102425
0,exterior,104,148.79637946457194,-0.08944092993446795
0,exterior,105,148.79637896009916,-0.08944008803587189
0,exterior,106,148.79637837552573,-0.08943929964512776
0,exterior,107,148.79637771648282,-0.0894385723566936
0,exterior,108,148.79637698931884,-0.08943791317643743
0,exterior,109,148.7963762010385,-0.08943732845415066
0,exterior,110,148.79637535923518,-0.08943682382238151
0,exterior,111,148.79637447201787,-0.08943640414217739
0,exterior,112,148.79637354793297,-0.08943607345625917
0,exterior,113,148.7963725958821,-0.08943583495007815
0,exterior,114,148.79637162503624,-0.08943569092113107
0,exterior,115,148.79637064474738,-0.08943564275682872
0,exterior,116,147.314933188415,-0.08943564163599915
0,exterior,117,147.31493295444878,-0.08943563014335906
0,exterior,118,147.31493294291195,-0.08943539617955684
0,exterior,119,147.31465205763345,1.3980003510859655
0,exterior,120,147.3146520093072,1.3980013311308117
0,exterior,121,147.31465186516394,1.3980023017213756
0,exterior,122,147.31465162659148,1.398003253512585
0,exterior,123,147.31465129588685,1.398004177340372
0,exterior,124,147.31465087623417,1.3980050643099073
0,exterior,125,147.31465037167396,1.3980059058812413
0,exterior,126,147.3146497870642,1.3980066939515288
0,exterior,127,147.31464912803372,1.3980074209330455
0,exterior,128,147.31464840092775,1.3980080798262433
0,exterior,129,147.31464761274708,1.3980086642871454
0,exterior,130,147.31464677108048,1.3980091686884255
0,exterior,131,147.3146458840317,1.3980095881735906
0,exterior,132,147.31464496014146,1.3980099187037396
0,exterior,133,147.31464400830524,1.3980101570964512
0,exterior,134,147.31464303768746,1.3980103010564244
0,exterior,135,147.3146420576335,1.3980103491975797
0,exterior,136,146.43926522022386,1.3980103388459828
0,exterior,137,146.4392649863072,1.398010350333412
0,exterior,138,146.43926497468712,1.3980105842433526
0,exterior,139,146.43837076254263,2.9746790394901366
0,exterior,140,146.43687659698162,4.551827948180571
0,exterior,141,146.43687660826808,4.551828182306413
1,exterior,0,53.02515604731404,-50.660564671299376
1,exterior,1,53.02515604179632,-50.66056443359087
1,exterior,2,53.06967590342203,-48.994439517561666
1,exterior,3,53.06967592070383,-48.9944392874676
1,exterior,4,53.069676151177326,-48.9944392763381
1,exterior,5,53.60791020731529,-48.99443947320008
1,exterior,6,53.60791117218425,-48.99443942654298
1,exterior,7,53.607912128049584,-48.994439287006365
1,exterior,8,53.60791306599163,-48.994439055892315
1,exterior,9,53.60791397725801,-48.99443873535747
1,exterior,10,53.607914853345235,-48.99443832839289
1,exterior,11,53.607915686078115,-48.99443783879617
1,exterior,12,53.60791646768601,-48.99443727113598
1,exterior,13,53.60791719087535,-48.99443663070942
1,exterior,14,53.607917848897706,-48.99443592349264
1,exterior,15,53.607918435612746,-48.99443515608502
1,exterior,16,53.60791894554554,-48.99443433564761
1,exterior,17,53.60791937393767,-48.99443346983633
1,exterior,18,53.607919716791585,-48.994432566730474
1,exterior,19,53.60791997090795,-48.99443163475737
1,exterior,20,53.607920133915485,-48.99443068261371
1,exterior,21,53.60792020429308,-48.994429719184424
1,exterior,22,53.64451501941054,-47.507191092822644
1,exterior,23,53.64451503624167,-47.5071908624141
1,exterior,24,53.64451526699454,-47.507190851255835
1,exterior,25,54.48057785844163,-47.507191150047916
1,exterior,26,54.48057882449527,-47.50719110327589
1,exterior,27,54.48057978151202,-47.50719096339668
1,exterior,28,54.48058072053949,-47.507190731718765
1,exterior,29,54.48058163279359,-47.507190410409365
1,exterior,30,54.48058250974064,-47.507190002474175
1,exterior,31,54.48058334317728,-47.5071895117292
1,exterior,32,54.480584125307146,-47.50718894276511
1,exterior,33,54.48058484881382,-47.50718830090427
1,exterior,34,54.48058550692928,-47.50718759215093
1,exterior,35,54.48058609349721,-47.507186823135115
1,exterior,36,54.480586603030574,-47.50718600105056
1,exterior,37,54.48058703076295,-47.507185133587434
1,exterior,38,54.48058737269313,-47.5071842288604
1,exterior,39,54.48058762562254,-47.5071832953327
1,exterior,40,54.48058778718516,-47.50718234173699
1,exterior,41,54.48058785586965,-47.50718137699366
1,exterior,42,54.514349244903144,-46.019923104738304
1,exterior,43,54.51434926132711,-46.019922874047026
1,exterior,44,54.51434949233168,-46.01992286286281
1,exterior,45,56.65720260232326,-46.01992361021196
1,exterior,46,56.65720373468658,-46.01992354589317
1,exterior,47,56.65720485248342,-46.01992335376342
1,exterior,48,56.6572059413346,-46.01992303629421
1,exterior,49,56.65720639859794,-46.019922874317494
1,exterior,50,56.65720663518882,-46.01992286286281
1,exterior,51,58.8000597451804,-46.01992361021196
1,exterior,52,58.80006087754372,-46.01992354589317
1,exterior,53,58.800061995340556,-46.01992335376342
1,exterior,54,58.80006308419174,-46.01992303629421
1,exterior,55,58.80006354145508,-46.019922874317494
1,exterior,56,58.80006377804596,-46.01992286286281
1,exterior,57,59.14672566429746,-46.01992298376586
1,exterior,58,59.146726631423014,-46.019922936889735
1,exterior,59,59.146727589481515,-46.019922796700165
1,exterior,60,59.14672852949088,-46.019922564511475
1,exterior,61,59.146729442638254,-46.0199222425005
1,exterior,62,59.146730320362614,-46.01992183368618
1,exterior,63,59.14673115443504,-46.019921341901274
1,exterior,64,59.14673193703585,-46.01992077175641
1,exterior,65,59.146732660827944,-46.01992012859686
1,exterior,66,59.14673331902555,-46.01991941845243
1,exterior,67,59.14673390545788,-46.01991864798094
1,exterior,68,59.146734414626955,-46.01991782440577
1,exterior,69,59.14673484175918,-46.019916955448195
1,exterior,70,59.14673518285004,-46.01991604925493
1,exterior,71,59.146735434701725,-46.01991511432182
1,exterior,72,59.14673559495305,-46.01991415941412
1,exterior,73,59.14673566210162,-46.01991319348438
1,exterior,74,59.17793344899797,-44.53263754410663
1,exterior,75,59.17793346505266,-44.53263731316048
1,exterior,76,59.177933696284626,-44.532637301952775
1,exterior,77,61.25885462746159,-44.532638009282444
1,exterior,78,61.25885575513726,-44.532637945496774
1,exterior,79,61.25885686842699,-44.532637754952724
1,exterior,80,61.258857953128285,-44.53263744008111
1,exterior,81,61.2588583118504,-44.53263731358186
1,exterior,82,61.258858551776015,-44.532637301952775
1,exterior,83,63.339779482952906,-44.53263800928244
1,exterior,84,63.33978061062857,-44.53263794549677
1,exterior,85,63.33978172391829,-44.532637754952724
1,exterior,86,63.33978280861958,-44.53263744008111
1,exterior,87,63.33978316734169,-44.53263731358186
1,exterior,88,63.33978340726732,-44.532637301952775
1,exterior,89,65.42070433844427,-44.53263800928244
1,exterior,90,65.42070546611994,-44.53263794549677
1,exterior,91,65.42070657940965,-44.532637754952724
1,exterior,92,65.42070766411095,-44.53263744008111
1,exterior,93,65.42070802283307,-44.53263731358186
1,exterior,94,65.42070826275868,-44.532637301952775
1,exterior,95,67.75840458707194,-44.53263809656343
1,exterior,96,67.758404818304,-44.532638107771305
1,exterior,97,67.75840483435839,-44.53263833871765
1,exterior,98,67.79335331432034,-46.19882982960527
1,exterior,99,67.79335330750195,-46.19883006653026
1,exterior,100,67.79335307077191,-46.19883007831552
1,exterior,101,67.63249913054413,-46.19883002204677
1,exterior,102,67.63249813625741,-46.1988300715995
1,exterior,103,67.63249715182464,-46.198830219767295
1,exterior,104,67.63249618700216,-46.19883046508171
1,exterior,105,67.63249525135197,-46.198830805111534
1,exterior,106,67.63249435414691,-46.19883123648686
1,exterior,107,67.63249350427887,-46.19883175493249
1,exterior,108,67.63249271017054,-46.198832355310316
1,exterior,109,67.63249197969203,-46.198833031670226
1,exterior,110,67.63249132008285,-46.19883377730906
1,exterior,111,67.63249073788009,-46.1988345848371
1,exterior,112,67.63249023885378,-46.19883544625123
1,exterior,113,67.63248982794956,-46.198836353014315
1,exterior,114,67.63248950923973,-46.19883729613977
1,exterior,115,67.63248928588294,-46.19883826628064
1,exterior,116,67.63248916009275,-46.198839253822236
1,exterior,117,67.63248913311584,-46.198840248977405
1,exterior,118,67.662187048694,-47.50718138086952
1,exterior,119,67.66218711737709,-47.50718234561345
1,exterior,120,67.66218727893842,-47.507183299209885
1,exterior,121,67.66218753186666,-47.50718423273842
1,exterior,122,67.66218787379582,-47.50718513746637
1,exterior,123,67.6621883015273,-47.507186004930496
1,exterior,124,67.6621888110599,-47.5071868270161
1,exterior,125,67.66218939762722,-47.507187596033006
1,exterior,126,67.66219005574222,-47.50718830478746
1,exterior,127,67.66219077924856,-47.50718894664943
1,exterior,128,67.66219156137824,-47.50718951561462
1,exterior,129,67.66219239481482,-47.507190006360666
1,exterior,130,67.66219327176195,-47.50719041429689
1,exterior,131,67.66219418401623,-47.50719073560727
1,exterior,132,67.66219512304399,-47.50719096728609
1,exterior,133,67.66219608006112,-47.50719110716613
1,exterior,134,67.66219704611522,-47.50719115393889
1,exterior,135,69.28223179385527,-47.50719173290697
1,exterior,136,69.28223202460836,-47.50719174406541
1,exterior,137,69.28223204143913,-47.507191974474246
1,exterior,138,69.32322638718136,-49.173341591589626
1,exterior,139,69.32322638118359,-49.173341829010866
1,exterior,140,69.3232261439819,-49.17334184084654
1,exterior,141,67.12810836750326,-49.17334103579521
1,exterior,142,67.12810748509204,-49.17334107480345
1,exterior,143,67.12810660956512,-49.17334119152447
1,exterior,144,67.1281057477531,-49.173341385047664
1,exterior,145,67.12810490637958,-49.173341653863204
1,exterior,146,67.12810443187114,-49.1733418289157
1,exterior,147,67.1281041927624,-49.17334184084654
1,exterior,148,66.93502976739994,-49.17334177003721
1,exterior,149,66.93502877061476,-49.1733418198399
1,exterior,150,66.93502778375814,-49.17334196875262
1,exterior,151,66.93502681665976,-49.17334221529211
1,exterior,152,66.93502587895252,-49.17334255700269
1,exterior,153,66.93502497997655,-49.17334299048071
1,exterior,154,66.9350241286862,-49.173343511408476
1,exterior,155,66.93502333356084,-49.173344114597214
1,exterior,156,66.9350226025204,-49.173344794038805
1,exterior,157,66.9350219428465,-49.17334554296559
1,exterior,158,66.93502136110989,-49.173346353917815
1,exterior,159,66.93502086310502,-49.173347218817895
1,exterior,160,66.93502045379232,-49.173348129050886
1,exterior,161,66.9350201372488,-49.17334907555033
1,exterior,162,66.93501991662741,-49.1733500488885
1,exterior,163,66.9350197941257,-49.17335103937037
1,exterior,164,66.93501977096383,-49.173352037130115
1,exterior,165,66.97475636075306,-50.660565418999866
1,exterior,166,66.97475635523493,-50.66056565670827
1,exterior,167,66.97475611775882,-50.66056566857336
1,exterior,168,64.71060944050916,-50.66056481986995
1,exterior,169,64.71060854311906,-50.660564860216454
1,exterior,170,64.71060765297032,-50.66056498093107
1,exterior,171,64.71060677724584,-50.6605651810397
1,exterior,172,64.7106059230122,-50.66056545892761
1,exterior,173,64.7106056940358,-50.66056555691872
1,exterior,174,64.71060542152586,-50.66056565622427
1,exterior,175,64.71060517436261,-50.66056566857336
1,exterior,176,64.43149147983871,-50.66056556394907
1,exterior,177,64.43149048158888,-50.660565613898584
1,exterior,178,64.43148949331152,-50.66056576324886
1,exterior,179,64.43148852487947,-50.660566010507914
1,exterior,180,64.43148758596736,-50.66056635320562
1,exterior,181,64.4314866859549,-50.66056678791843
1,exterior,182,64.43148583383318,-50.660567310303584
1,exterior,183,64.43148503811489,-50.660567915142465
1,exterior,184,64.43148430674923,-50.66056859639275
1,exterior,185,64.43148364704254,-50.66056934724876
1,exterior,186,64.43148306558525,-50.66057016020946
1,exterior,187,64.43148256818613,-50.66057102715339
1,exterior,188,64.43148215981417,-50.6605719394198
1,exterior,189,64.431481844549,-50.66057288789518
1,exterior,190,64.43148162554012,-50.660573863104275
1,exterior,191,64.4314815049754,-50.660574855304766
1,exterior,192,64.4314814840593,-50.6605758545846
1,exterior,193,64.47472273378467,-52.147764416244605
1,exterior,194,64.47472272880249,-52.14776465427189
1,exterior,195,64.47472249102066,-52.147764666169806
1,exterior,196,62.13706451535691,-52.14776377157119
1,exterior,197,62.13706361664739,-52.147763812036665
1,exterior,198,62.13706272521123,-52.14776393310627
1,exterior,199,62.13706184826299,-52.147764133800166
1,exterior,200,62.13706099289993,-52.14776441249411
1,exterior,201,62.137060596976625,-52.14776458220998
1,exterior,202,62.13706040087878,-52.1477646537846
1,exterior,203,62.137060153358355,-52.147764666169806
1,exterior,204,59.79940217769452,-52.1477637715712
1,exterior,205,59.799401278984995,-52.14776381203667
1,exterior,206,59.79940038754884,-52.147763933106276
1,exterior,207,59.799399510600594,-52.14776413380017
1,exterior,208,59.799398655237546,-52.14776441249412
1,exterior,209,59.79939825931426,-52.14776458220997
1,exterior,210,59.7993980632164,-52.1477646537846
1,exterior,211,59.799397815695976,-52.147764666169806
1,exterior,212,57.46173984003221,-52.14776377157119
1,exterior,213,57.461738941322686,-52.147763812036665
1,exterior,214,57.46173804988653,-52.14776393310627
1,exterior,215,57.461737172938285,-52.147764133800166
1,exterior,216,57.46173631757523,-52.14776441249411
1,exterior,217,57.46173592165192,-52.14776458220998
1,exterior,218,57.46173572555408,-52.1477646537846
1,exterior,219,57.46173547803365,-52.147764666169806
1,exterior,220,54.74596623798795,-52.14776362687175
1,exterior,221,54.74596600020589,-52.14776361497364
1,exterior,222,54.745965995224154,-52.147763376946294
1,exterior,223,54.789210102395735,-50.66057563506204
1,exterior,224,54.78921008148152,-50.66057463578142
1,exterior,225,54.78920996091853,-50.66057364357998
1,exterior,226,54.789209741911186,-50.66057266836978
1,exterior,227,54.789209426647375,-50.66057171989317
1,exterior,228,54.78920901827657,-50.660570807625426
1,exterior,229,54.789208520878404,-50.66056994068009
1,exterior,230,54.78920793942188,-50.66056912771795
1,exterior,231,54.789207279715725,-50.660568376860475
1,exterior,232,54.78920654835042,-50.660567695608734
1,exterior,233,54.789205752632284,-50.660567090768424
1,exterior,234,54.78920490051055,-50.660566568381896
1,exterior,235,54.78920400049789,-50.66056613366778
1,exterior,236,54.789203061585425,-50.660565790968874
1,exterior,237,54.789202093152895,-50.66056554370874
1,exterior,238,54.78920110487492,-50.6605653943575
1,exterior,239,54.78920010662439,-50.66056534440716
1,exterior,240,53.025156284790384,-50.66056468316466
1,exterior,241,53.02515604731404,-50.660564671299376
2,exterior,0,48.822803648934965,-28.350638516174456
2,exterior,1,48.82280363933125,-28.350638280974447
2,exterior,2,48.83704261177381,-26.684313797125043
2,exterior,3,48.83704262514103,-26.68431356436147
2,exterior,4,48.837042858010385,-26.684313552983713
2,exterior,5,50.02629554782823,-26.684313811838543
2,exterior,6,50.026296523081974,-26.684313764169143
2,exterior,7,50.02629748903775,-26.684313621614994
2,exterior,8,50.02629843648621,-26.684313385535198
2,exterior,9,50.026299356394446,-26.684313058180518
2,exterior,10,50.026300239992125,-26.68431264267193
2,exterior,11,50.026301078855106,-26.684312142970864
2,exterior,12,50.02630186498572,-26.684311563841426
2,exterior,13,50.02630259088906,-26.684310910804996
2,exterior,14,50.026303249644435,-26.684310190087565
2,exterior,15,50.02630383497131,-26.684309408560406
2,exterior,16,50.02630434128922,-26.684308573674535
2,exterior,17,50.02630476377098,-26.684307693389687
2,exterior,18,50.026305098388676,-26.684306776098435
2,exterior,19,50.02630534195209,-26.684305830546155
2,exterior,20,50.0263054921391,-26.684304865747674
2,exterior,21,50.02630554751785,-26.684303890901305
2,exterior,22,50.038065701505026,-25.196905030023373
2,exterior,23,50.03806571473302,-25.19690479716751
2,exterior,24,50.038065947686306,-25.196904785780987
2,exterior,25,51.68189878078184,-25.19690512498162
2,exterior,26,51.681899998758155,-25.196905050531413
2,exterior,27,51.681901198598716,-25.19690482828887
2,exterior,28,51.681901321623776,-25.196904797634186
2,exterior,29,51.68190156412467,-25.196904785780987
2,exterior,30,53.32573439722021,-25.19690512498162
2,exterior,31,53.32573561519652,-25.196905050531413
2,exterior,32,53.32573681503708,-25.19690482828887
2,exterior,33,53.32573693806214,-25.196904797634186
2,exterior,34,53.32573718056304,-25.196904785780987
2,exterior,35,54.969570013658526,-25.196905124981615
2,exterior,36,54.96957123163482,-25.196905050531413
2,exterior,37,54.96957243147537,-25.19690482828887
2,exterior,38,54.969572554500424,-25.196904797634186
2,exterior,39,54.96957279700135,-25.196904785780987
2,exterior,40,56.81118774419105,-25.196905165793446
2,exterior,41,56.81118797714435,-25.19690517718006
2,exterior,42,56.811187990372225,-25.196905410035992
2,exterior,43,56.822947357852776,-26.684303925878
2,exterior,44,56.82294741323102,-26.684304900724456
2,exterior,45,56.82294756341754,-26.684305865523072
2,exterior,46,56.82294780698049,-26.684306811075533
2,exterior,47,56.822948141597735,-26.68430772836701
2,exterior,48,56.82294856407908,-26.68430860865212
2,exterior,49,56.82294907039661,-26.684309443538293
2,exterior,50,56.82294965572313,-26.684310225065783
2,exterior,51,56.82295031447819,-26.684310945783572
2,exterior,52,56.82295104038127,-26.68431159882039
2,exterior,53,56.822951826511655,-26.684312177950233
2,exterior,54,56.822952665374444,-26.68431267765172
2,exterior,55,56.82295354897199,-26.68431309316074
2,exterior,56,56.822954468880134,-26.684313420515856
2,exterior,57,56.82295541632854,-26.684313656596093
2,exterior,58,56.82295638228431,-26.68431379915068
2,exterior,59,56.822957357538094,-26.68431384682051
2,exterior,60,57.33801019289901,-26.684313958927817
2,exterior,61,57.338010425768374,-26.684313970305677
2,exterior,62,57.33801043913546,-26.684314203069313
2,exterior,63,57.352248462855336,-28.3506387167871
2,exterior,64,57.35224845325148,-28.350638951987122
2,exterior,65,57.35224821814212,-28.350638963600183
2,exterior,66,56.46080910282588,-28.35063875842435
2,exterior,67,56.46080811691904,-28.350638807143415
2,exterior,68,56.46080714061872,-28.35063895282635
2,exterior,69,56.460806183437846,-28.350639194053645
2,exterior,70,56.460805254703054,-28.35063952847481
2,exterior,71,56.4608043634638,-28.3506399528313
2,exterior,72,56.4608035184042,-28.35064046298824
2,exterior,73,56.46080272775839,-28.350641053974734
2,exterior,74,56.46080199923031,-28.350641720032293
2,exterior,75,56.46080133991864,-28.350642454670947
2,exterior,76,56.460800756247615,-28.35064325073248
2,exterior,77,56.46080025390444,-28.350644100460187
2,exterior,78,56.46079983778388,-28.350644995574434
2,exterior,79,56.46079951194056,-28.35064592735336
2,exterior,80,56.46079927954944,-28.350646886717836
2,exterior,81,56.46079914287491,-28.350647864319956
2,exterior,82,56.46079910324872,-28.350648850634105
2,exterior,83,56.474514847452866,-29.83803602135429
2,exterior,84,56.47451483799965,-29.838036256649264
2,exterior,85,56.47451460280183,-29.838036268271676
2,exterior,86,55.55772842042848,-29.838036047182545
2,exterior,87,55.557727434074245,-29.838036095945935
2,exterior,88,55.55772645733963,-29.838036241761003
2,exterior,89,55.557725499750454,-29.838036483205656
2,exterior,90,55.55772457064583,-29.838036817925147
2,exterior,91,55.557723679087054,-29.838037242655055
2,exterior,92,55.557722833769255,-29.8380377532531
2,exterior,93,55.55772204293659,-29.838038344739566
2,exterior,94,55.55772131430182,-29.838039011345842
2,exterior,95,55.557720654971135,-29.8380397465707
2,exterior,96,55.5577200713748,-29.838040543243697
2,exterior,97,55.55771956920447,-29.838041393595095
2,exterior,98,55.557719153357674,-29.838042289331657
2,exterior,99,55.55771882789005,-29.838043221717506
2,exterior,100,55.5577185959758,-29.838044181659342
2,exterior,101,55.55771845987672,-29.83804515979511
2,exterior,102,55.55771842092013,-29.838046146585327
2,exterior,103,55.572504131892586,-31.325427096489587
2,exterior,104,55.57250412259961,-31.325427331885447
2,exterior,105,55.57250388730781,-31.3254273435178
2,exterior,106,53.86634589342754,-31.325426913585922
2,exterior,107,53.86634507105676,-31.325426947457764
2,exterior,108,53.86634425425705,-31.325427048844244
2,exterior,109,53.86634344856173,-31.32542721705853
2,exterior,110,53.86634299509753,-31.325427331394096
2,exterior,111,53.86634274986704,-31.3254273435178
2,exterior,112,52.1601847559867,-31.325426913585922
2,exterior,113,52.16018393361592,-31.325426947457764
2,exterior,114,52.16018311681621,-31.325427048844244
2,exterior,115,52.160182311120884,-31.32542721705853
2,exterior,116,52.16018185765673,-31.325427331394085
2,exterior,117,52.160181612426236,-31.325427343517788
2,exterior,118,50.20942162122767,-31.32542685194907
2,exterior,119,50.209421385935855,-31.325426840316595
2,exterior,120,50.20942137664304,-31.325426604920843
2,exterior,121,50.224208068882234,-29.838046077427876
2,exterior,122,50.224208029926295,-29.83804509063752
2,exterior,123,50.224207893827824,-29.838044112501553
2,exterior,124,50.22420766191415,-29.83804315255946
2,exterior,125,50.22420733644707,-29.838042220173303
2,exterior,126,50.22420692060078,-29.838041324436386
2,exterior,127,50.2242064184309,-29.838040474084586
2,exterior,128,50.22420583483497,-29.838039677411153
2,exterior,129,50.22420517550463,-29.838038942185833
2,exterior,130,50.22420444687016,-29.838038275579066
2,exterior,131,50.22420365603773,-29.838037684092097
2,exterior,132,50.224202810720115,-29.838037173493532
2,exterior,133,50.22420191916146,-29.838036748763102
2,exterior,134,50.22420099005691,-29.83803641404309
2,exterior,135,50.22420003246774,-29.838036172597917
2,exterior,136,50.22419905573309,-29.838036026782348
2,exterior,137,50.224198069378765,-29.83803597801847
2,exterior,138,49.50672978519466,-29.838035804996185
2,exterior,139,49.506729549996855,-29.83803579337366
2,exterior,140,49.50672954054378,-29.8380355580787
2,exterior,141,49.520446195282254,-28.350648780572303
2,exterior,142,49.52044615565666,-28.350647794258034
2,exterior,143,49.5204460189827,-28.350646816655736
2,exterior,144,49.52044578659213,-28.350645857291028
2,exterior,145,49.520445460749315,-28.350644925511823
2,exterior,146,49.52044504462923,-28.350644030397252
2,exterior,147,49.520444542286484,-28.35064318066918
2,exterior,148,49.52044395861584,-28.350642384607248
2,exterior,149,49.5204432993045,-28.350641649968164
2,exterior,150,49.52044257077671,-28.35064098391015
2,exterior,151,49.52044178013113,-28.350640392923186
2,exterior,152,49.520440935071704,-28.350639882765762
2,exterior,153,49.52044004383258,-28.350639458408786
2,exterior,154,49.520439115097865,-28.350639123987126
2,exterior,155,49.52043815791701,-28.350638882759345
2,exterior,156,49.520437181616664,-28.35063873707593
2,exterior,157,49.520436195709756,-28.3506386883564
2,exterior,158,48.82280388404431,-28.350638527787623
2,exterior,159,48.822803648934965,-28.350638516174456
3,exterior,0,218.7752646427919,-41.7369320649987
3,exterior,1,218.77526463500598,-41.73693182866562
3,exterior,2,218.80305280961284,-40.07069183174761
3,exterior,3,218.80305282474296,-40.07069160016876
3,exterior,4,218.80305305654196,-40.070691588902356
3,exterior,5,219.8634279324306,-40.070691919745066
3,exterior,6,219.86342890297522,-40.07069187253609
3,exterior,7,219.8634298643561,-40.07069173135431
3,exterior,8,219.86343080749606,-40.07069149753273
3,exterior,9,219.8634317234901,-40.070691173279066
3,exterior,10,219.86343260368955,-40.07069076165487
3,exterior,11,219.86343343978365,-40.070690266546656
3,exterior,12,219.86343422387816,-40.07068969262914
3,exterior,13,219.86343494856976,-40.07068904532118
3,exterior,14,219.86343560701604,-40.07068833073456
3,exterior,15,219.863436193,-40.07068755561631
3,exterior,16,219.8634367009889,-40.07068672728498
3,exterior,17,219.86343712618637,-40.07068585356155
3,exterior,18,219.86343746457777,-40.07068494269559
3,exterior,19,219.86343771296802,-40.07068400328738
3,exterior,20,219.8634378690119,-40.07068304420666
3,exterior,21,219.86343793123606,-40.07068207450894
3,exterior,22,219.883689750853,-38.76227632394832
3,exterior,23,219.88368971707186,-38.762275333509585
3,exterior,24,219.88368958542324,-38.762274351278094
3,exterior,25,219.8836893572001,-38.76227338690045
3,exterior,26,219.8836890346438,-38.76227244984789
3,exterior,27,219.88368862092224,-38.762271549323316
3,exterior,28,219.88368812009858,-38.76227069417086
3,exterior,29,219.8836875370915,-38.76226989278906
3,exterior,30,219.88368687762673,-38.76226915304837
3,exterior,31,219.88368614818097,-38.76226848221386
3,exterior,32,219.8836853559182,-38.76226788687386
3,exterior,33,219.88368450861924,-38.762267372875264
3,exterior,34,219.88368361460556,-38.762266945266106
3,exterior,35,219.88368268265734,-38.76226660824598
3,exterior,36,219.88368172192733,-38.76226636512479
3,exterior,37,219.88368074185098,-38.76226621829025
3,exterior,38,219.8836797520537,-38.76226616918444
3,exterior,39,219.0350377360404,-38.762265911659426
3,exterior,40,219.03503750017023,-38.7622658999656
3,exterior,41,219.0350374918677,-38.762265663951595
3,exterior,42,219.0589883056613,-37.09600040647578
3,exterior,43,219.058988320294,-37.09600017455962
3,exterior,44,219.05898855239633,-37.096000163261735
3,exterior,45,220.07201396605527,-37.09600045940802
3,exterior,46,220.07201493792124,-37.09600041207008
3,exterior,47,220.07201590058594,-37.0960002705039
3,exterior,48,220.07201684493523,-37.09600003604975
3,exterior,49,220.07201776202834,-37.09599971092739
3,exterior,50,220.07201864318256,-37.095999298214934
3,exterior,51,220.07201948005542,-37.09599880181981
3,exterior,52,220.07202026472373,-37.0959982264417
3,exterior,53,220.07202098975853,-37.095997577528095
3,exterior,54,220.07202164829545,-37.095996861222666
3,exterior,55,220.07202223409968,-37.09599608430714
3,exterior,56,220.07202274162503,-37.09599525413707
3,exterior,57,220.07202316606646,-37.09599437857222
3,exterior,58,220.07202350340546,-37.095993465902126
3,exterior,59,220.0720237504483,-37.09599252476762
3,exterior,60,220.072023904856,-37.095991564079014
3,exterior,61,220.07202396516672,-37.095990592931784
3,exterior,62,220.09188540590756,-35.608639641428134
3,exterior,63,220.0918854203194,-35.608639409363285
3,exterior,64,220.09188565255607,-35.60863939805143
3,exterior,65,221.91929343730135,-35.60863991375664
3,exterior,66,221.91929457049804,-35.60863984934276
3,exterior,67,221.91929568909597,-35.60863965693033
3,exterior,68,221.91929629385353,-35.60863948046748
3,exterior,69,221.9192965784013,-35.60863940982264
3,exterior,70,221.91929682006884,-35.60863939805143
3,exterior,71,222.85563887455186,-35.60863966229265
3,exterior,72,222.85563984700605,-35.60863961489725
3,exterior,73,222.85564081024222,-35.608639473159776
3,exterior,74,222.85564175512977,-35.60863923842376
3,exterior,75,222.85564267271195,-35.60863891291432
3,exterior,76,222.85564355429088,-35.608638499716996
3,exterior,77,222.85564439150997,-35.60863800274853
3,exterior,78,222.8556451764331,-35.60863742671976
3,exterior,79,222.85564590161985,-35.60863677709094
3,exterior,80,222.85564656019613,-35.60863606002
3,exterior,81,222.8556471459192,-35.60863528230413
3,exterior,82,222.85564765323687,-35.60863445131542
3,exterior,83,222.85564807734022,-35.60863357493091
3,exterior,84,222.85564841420913,-35.60863266145799
3,exterior,85,222.8556486606504,-35.60863171955557
3,exterior,86,222.8556488143279,-35.608630758152074
3,exterior,87,222.855648873785,-35.60862978636079
3,exterior,88,222.87410368956472,-34.121270020154306
3,exterior,89,222.8741037037716,-34.121269787951135
3,exterior,90,222.8741039361328,-34.12126977662633
3,exterior,91,224.66514541029736,-34.12127026358001
3,exterior,92,224.66514654417918,-34.12127019908795
3,exterior,93,224.66514766343568,-34.121270006443034
3,exterior,94,224.66514806639697,-34.12126988878714
3,exterior,95,224.66514847044002,-34.12126978841175
3,exterior,96,224.66514871225226,-34.12126977662632
3,exterior,97,226.67806778631592,-34.121270323904746
3,exterior,98,226.67806801867715,-34.12127033522968
3,exterior,99,226.67806803288383,-34.121270567432646
3,exterior,100,226.69652161263232,-35.608629838862676
3,exterior,101,226.6965216720886,-35.60863081065418
3,exterior,102,226.69652182576542,-35.608631772057954
3,exterior,103,226.69652207220597,-35.60863271396073
3,exterior,104,226.69652240907422,-35.608633627434074
3,exterior,105,226.696522833177,-35.60863450381904
3,exterior,106,226.69652334049414,-35.60863533480827
3,exterior,107,226.69652392621674,-35.608636112524685
3,exterior,108,226.69652458479263,-35.60863682959622
3,exterior,109,226.69652530997905,-35.60863747922564
3,exterior,110,226.69652609490194,-35.608638055255035
3,exterior,111,226.69652693212083,-35.608638552224136
3,exterior,112,226.69652781369967,-35.608638965422095
3,exterior,113,226.6965287312818,-35.60863929093216
3,exterior,114,226.69652967616935,-35.60863952566878
3,exterior,115,226.6965306394056,-35.60863966740685
3,exterior,116,226.69653161185994,-35.60863971480281
3,exterior,117,227.40152693983944,-35.60863991375663
3,exterior,118,227.40152807303616,-35.60863984934275
3,exterior,119,227.40152919163415,-35.60863965693031
3,exterior,120,227.4015297963918,-35.60863948046743
3,exterior,121,227.40153008093935,-35.60863940982264
3,exterior,122,227.4015303226069,-35.60863939805143
3,exterior,123,228.2287732032921,-35.60863963150423
3,exterior,124,228.22877417574628,-35.60863958410883
3,exterior,125,228.22877513898246,-35.608639442371356
3,exterior,126,228.22877608387,-35.60863920763534
3,exterior,127,228.2287770014522,-35.6086388821259
3,exterior,128,228.2287778830311,-35.608638468928575
3,exterior,129,228.2287787202502,-35.60863797196011
3,exterior,130,228.22877950517332,-35.60863739593134
3,exterior,131,228.2287802303601,-35.60863674630252
3,exterior,132,228.22878088893637,-35.608636029231576
3,exterior,133,228.22878147465943,-35.60863525151571
3,exterior,134,228.2287819819771,-35.608634420527
3,exterior,135,228.22878240608046,-35.60863354414249
3,exterior,136,228.22878274294936,-35.60863263066957
3,exterior,137,228.22878298939062,-35.60863168876715
3,exterior,138,228.22878314306814,-35.60863072736365
3,exterior,139,228.22878320252522,-35.608629755572366
3,exterior,140,228.24723801792294,-34.1212700201543
3,exterior,141,228.24723803212981,-34.12126978795113
3,exterior,142,228.24723826449102,-34.12126977662632
3,exterior,143,230.03827973865555,-34.12127026358
3,exterior,144,230.0382808725374,-34.121270199087945
3,exterior,145,230.03828199179398,-34.121270006443005
3,exterior,146,230.03828239475527,-34.121269888787104
3,exterior,147,230.03828279879818,-34.12126978841175
3,exterior,148,230.03828304061042,-34.12126977662632
3,exterior,149,230.16989068386772,-34.1212698124082
3,exterior,150,230.1698916568688,-34.12126976495934
3,exterior,151,230.1698926206363,-34.12126962306251
3,exterior,152,230.16989356602423,-34.12126938806429
3,exterior,153,230.16989448406102,-34.12126906219477
3,exterior,154,230.16989536603467,-34.12126864854639
3,exterior,155,230.1698962035754,-34.12126815104461
3,exterior,156,230.1698969887351,-34.12126757441062
3,exterior,157,230.16989771406273,-34.1212669241166
3,exterior,158,230.16989837267508,-34.1212662063337
3,exterior,159,230.169898958322,-34.121265427873574
3,exterior,160,230.16989946544584,-34.12126459612366
3,exterior,161,230.16989988923407,-34.121263718977126
3,exterior,162,230.169900225665,-34.12126280475793
3,exterior,163,230.16990047154596,-34.12126186214187
3,exterior,164,230.1699006245436,-34.12126090007419
3,exterior,165,230.16990068320598,-34.12125992768475
3,exterior,166,230.18704768335814,-32.63389231756184
3,exterior,167,230.18704769737425,-32.63389208523072
3,exterior,168,230.18704792985108,-32.633892073893875
3,exterior,169,230.31484343010283,-32.633892107296646
3,exterior,170,230.31484440361393,-32.6338920597979
3,exterior,171,230.31484536787687,-32.633891917752386
3,exterior,172,230.31484631373138,-32.63389168250951
3,exterior,173,230.31484723219205,-32.63389135630402
3,exterior,174,230.31484811453362,-32.63389094223482
3,exterior,175,230.3148489523741,-32.633890444235476
3,exterior,176,230.3148497377541,-32.63388986703688
3,exterior,177,230.3148504632127,-32.633889216122306
3,exterior,178,230.3148511218582,-32.63388849767531
3,exterior,179,230.31485170743358,-32.633887718520995
3,exterior,180,230.314852214376,-32.63388688606118
3,exterior,181,230.31485263786962,-32.63388600820405
3,exterior,182,230.31485297389133,-32.63388509328909
3,exterior,183,230.314853219249,-32.63388415000779
3,exterior,184,230.31485337161172,-32.633883187321146
3,exterior,185,230.31485342953215,-32.63388221437449
3,exterior,186,230.33078083380033,-31.14650723478144
3,exterior,187,230.33078084763827,-31.146507002331457
3,exterior,188,230.3307810802232,-31.146506990983365
3,exterior,189,231.06427075961247,-31.146507174864983
3,exterior,190,231.06427173360058,-31.146507127319556
3,exterior,191,231.06427269832693,-31.146506985134906
3,exterior,192,231.0642736446178,-31.146506749663082
3,exterior,193,231.0642745634748,-31.14650642314322
3,exterior,194,231.0642754461604,-31.14650600868024
3,exterior,195,231.064276284281,-31.146505510215327
3,exterior,196,231.0642770698668,-31.14650493248845
3,exterior,197,231.06427779544757,-31.14650428099329
3,exterior,198,231.06427845412367,-31.146503561925005
3,exterior,199,231.06427903963166,-31.14650278212131
3,exterior,200,231.06427954640387,-31.146501948997464
3,exterior,201,231.0642799696213,-31.14650107047575
3,exterior,202,231.06428030525956,-31.14650015491015
3,exterior,203,231.06428055012702,-31.146499211006905
3,exterior,204,231.06428070189517,-31.14649824774171
3,exterior,205,231.06428075912083,-31.146497274274388
3,exterior,206,231.0790674646643,-29.659115408512225
3,exterior,207,231.0790674783355,-29.659115175950614
3,exterior,208,231.07906771102122,-29.65911516459201
3,exterior,209,231.19061262346972,-29.65911519134524
3,exterior,210,231.1906135979053,-29.659115143756
3,exterior,211,231.19061456306633,-29.659115001440767
3,exterior,212,231.1906155097665,-29.659114765754083
3,exterior,213,231.1906164289952,-29.659114438939188
3,exterior,214,231.19061731200338,-29.659114024106668
3,exterior,215,231.1906181503866,-29.65911352520486
3,exterior,216,231.19061893616524,-29.659112946982255
3,exterior,217,231.19061966186032,-29.659112294942318
3,exterior,218,231.19062032056476,-29.659111575291096
3,exterior,219,231.1906209060091,-29.65911079487815
3,exterior,220,231.1906214126211,-29.65910996113137
3,exterior,221,231.19062183557895,-29.65910908198627
3,exterior,222,231.19062217085693,-29.659108165810462
3,exterior,223,231.19062241526387,-29.659107221324007
3,exterior,224,231.19062256647362,-29.659106257516427
3,exterior,225,231.19062262304692,-29.659105283561143
3,exterior,226,231.20433928780994,-28.17171741903482
3,exterior,227,231.20433930132458,-28.17171718636971
3,exterior,228,231.20433953410495,-28.171717175001238
3,exterior,229,231.31280189239342,-28.17171719982061
3,exterior,230,231.31280286724999,-28.171717152190137
3,exterior,231,231.31280383281992,-28.171717009752
3,exterior,232,231.31280477990512,-28.17171677386309
3,exterior,233,231.31280569948353,-28.171716446770514
3,exterior,234,231.31280658279505,-28.1717160315902
3,exterior,235,231.3128074214252,-28.17171553227722
3,exterior,236,231.31280820738502,-28.17171495358809
3,exterior,237,231.3128089331874,-28.171714301035493
3,exterior,238,231.31280959191818,-28.17171358083573
3,exterior,239,231.31281017730225,-28.171712799849526
3,exterior,240,231.31281068376313,-28.171711965516664
3,exterior,241,231.31281110647626,-28.171711085785116
3,exterior,242,231.31281144141474,-28.17171016903533
3,exterior,243,231.3128116853879,-28.171709224000388
3,exterior,244,231.31281183607172,-28.171708259682827
3,exterior,245,231.31281189203065,-28.17170728526887
3,exterior,246,231.32552187444657,-26.684313797124908
3,exterior,247,231.32552188781378,-26.684313564361457
3,exterior,248,231.32552212068308,-26.684313552983706
3,exterior,249,232.49204897252486,-26.684313806891996
3,exterior,250,232.4920499477786,-26.684313759222597
3,exterior,251,232.49205091373437,-26.684313616668447
3,exterior,252,232.49205186118286,-26.68431338058865
3,exterior,253,232.49205278109108,-26.68431305323397
3,exterior,254,232.49205366468874,-26.684312637725384
3,exterior,255,232.49205450355174,-26.684312138024318
3,exterior,256,232.49205528968236,-26.68431155889488
3,exterior,257,232.4920560155857,-26.68431090585845
3,exterior,258,232.49205667434106,-26.68431018514102
3,exterior,259,232.49205725966794,-26.68430940361386
3,exterior,260,232.49205776598586,-26.68430856872799
3,exterior,261,232.4920581884676,-26.68430768844314
3,exterior,262,232.4920585230853,-26.68430677115189
3,exterior,263,232.4920587666487,-26.68430582559961
3,exterior,264,232.49205891683573,-26.684304860801127
3,exterior,265,232.49205897221447,-26.68430388595476
3,exterior,266,232.50381912616254,-25.19690503002352
3,exterior,267,232.50381913939054,-25.19690479716751
3,exterior,268,232.50381937234383,-25.196904785780987
3,exterior,269,232.5926121342868,-25.196904804103145
3,exterior,270,232.59261310991639,-25.196904756396897
3,exterior,271,232.59261407623725,-25.196904613732926
3,exterior,272,232.59261502402944,-25.19690437747243
3,exterior,273,232.59261594424976,-25.19690404986964
3,exterior,274,232.5926168281181,-25.19690363405031
3,exterior,275,232.5926176672013,-25.196903133981895
3,exterior,276,232.59261845349334,-25.196902554435688
3,exterior,277,232.59261917949203,-25.19690190094131
3,exterior,278,232.59261983827042,-25.196901179733942
3,exterior,279,232.59262042354288,-25.19690039769483
3,exterior,280,232.59262092972514,-25.196899562285633
3,exterior,281,232.5926213519876,-25.19689868147724
3,exterior,282,232.59262168630133,-25.196897763673697
3,exterior,283,232.59262192947654,-25.19689681763203
3,exterior,284,232.592622079193,-25.196895852378702
3,exterior,285,232.59262213402224,-25.196894877123473
3,exterior,286,232.6034834914364,-23.70949156663777
3,exterior,287,232.60348350453256,-23.709491333694473
3,exterior,288,232.60348373756523,-23.70949132229966
3,exterior,289,233.73276679319122,-23.709491542390037
3,exterior,290,233.73276776917749,-23.709491494648802
3,exterior,291,233.73276873584484,-23.70949135188057
3,exterior,292,233.73276968396317,-23.70949111544852
3,exterior,293,233.73277060447958,-23.70949078761019
3,exterior,294,233.73277148860478,-23.70949037149586
3,exterior,295,233.73277232789684,-23.709489871078713
3,exterior,296,233.73277311434197,-23.709489291136876
3,exterior,297,233.73277384043098,-23.709488637207794
3,exterior,298,233.73277449923094,-23.709487915535373
3,exterior,299,233.73277508445148,-23.70948713301035
3,exterior,300,233.7327755905047,-23.709486297104483
3,exterior,301,233.7327760125587,-23.709485415799254
3,exterior,302,233.73277634658356,-23.70948449750961
3,exterior,303,233.7327765893899,-23.70948355100364
3,exterior,304,233.73277673865942,-23.70948258531886
3,exterior,305,233.73277679296677,-23.709481609675894
3,exterior,306,233.74158117224027,-22.401007559359147
3,exterior,307,233.74158113029893,-22.4010065746983
3,exterior,308,233.74158099163552,-22.401005598948068
3,exterior,309,233.74158075759695,-22.401004641586063
3,exterior,310,233.74158043045645,-22.401003711911297
3,exterior,311,233.74158001339165,-22.401002818953852
3,exterior,312,233.7415795104535,-22.401001971387167
3,exterior,313,233.74157892652715,-22.401001177443792
3,exterior,314,233.74157826728438,-22.40100044483543
3,exterior,315,233.7415775391285,-22.400999780678017
3,exterior,316,233.7415767491322,-22.400999191422628
3,exterior,317,233.74157590496887,-22.400998682792792
3,exterior,318,233.74157501483796,-22.40099825972891
3,exterior,319,233.74157408738552,-22.400997926340274
3,exterior,320,233.74157313161996,-22.400997685865136
3,exterior,321,233.74157215682484,-22.400997540639274
3,exterior,322,233.74157117246853,-22.40099749207329
3,exterior,323,232.2265272974255,-22.40099721223067
3,exterior,324,232.22652706262497,-22.400997200650142
3,exterior,325,232.2265270524964,-22.400996965782415
3,exterior,326,232.23682987755234,-20.734652181629023
3,exterior,327,232.23682989040404,-20.734651948524487
3,exterior,328,232.23683012358373,-20.734651937114304
3,exterior,329,233.34482860346446,-20.734652127247376
3,exterior,330,233.34482958011438,-20.73465207944102
3,exterior,331,233.34483054742626,-20.73465193647871
3,exterior,332,233.34483149615133,-20.734651699727344
3,exterior,333,233.34483241721856,-20.734651371450585
3,exterior,334,233.34483330182132,-20.73465095478718
3,exterior,335,233.34483414150174,-20.734650453720977
3,exterior,336,233.34483492823125,-20.734649873042823
3,exterior,337,233.34483565448778,-20.734649218304757
3,exterior,338,233.34483631332733,-20.73464849576693
3,exterior,339,233.34483689845058,-20.734647712337747
3,exterior,340,233.34483740426293,-20.734646875507813
3,exterior,341,233.34483782592815,-20.734645993278313
3,exterior,342,233.34483815941465,-20.734645074084515
3,exterior,343,233.34483840153382,-20.734644126715107
3,exterior,344,233.34483854997063,-20.73464316022818
3,exterior,345,233.3448386033059,-20.734642183864608
3,exterior,346,233.35326007102213,-19.24722700426996
3,exterior,347,233.35326008375995,-19.247226771090144
3,exterior,348,233.35326031700805,-19.247226759672802
3,exterior,349,234.44207360456534,-19.247226933639322
3,exterior,350,234.44207458152553,-19.247226885802498
3,exterior,351,234.4420755491388,-19.247226742749383
3,exterior,352,234.44207649814757,-19.24722650584863
3,exterior,353,234.4420774194723,-19.24722617736676
3,exterior,354,234.44207830429832,-19.247225760446483
3,exterior,355,234.44207914416018,-19.247225259076647
3,exterior,356,234.44207993102253,-19.247224678054053
3,exterior,357,234.44208065735717,-19.24722402293758
3,exterior,358,234.44208131621497,-19.247223299994978
3,exterior,359,234.4420819012924,-19.24722251614293
3,exterior,360,234.44208240699174,-19.24722167888086
3,exterior,361,234.4420828284748,-19.247220796219185
3,exterior,362,234.4420831617091,-19.247219876602674
3,exterior,363,234.44208340350642,-19.24721892882967
3,exterior,364,234.44208355155342,-19.24721796196789
3,exterior,365,234.44208360443363,-19.247216985267684
3,exterior,366,234.44976300407671,-17.759798625761107
3,exterior,367,234.44976301670536,-17.75979839250953
3,exterior,368,234.449763250019,-17.759798381085332
3,exterior,369,235.51988522717414,-17.759798539296796
3,exterior,370,235.51988620443234,-17.7597984914307
3,exterior,371,235.51988717233505,-17.759798348290364
3,exterior,372,235.51988812161625,-17.7597981112461
3,exterior,373,235.51988904318824,-17.75979778256719
3,exterior,374,235.51988992822862,-17.759797365400164
3,exterior,375,235.51989076826464,-17.759796863738664
3,exterior,376,235.51989155525445,-17.75979628238522
3,exterior,377,235.519892281664,-17.75979562690527
3,exterior,378,235.51989294053917,-17.759794903573887
3,exterior,379,235.5198935255724,-17.759794119315703
3,exterior,380,235.519894031163,-17.75979328163862
3,exterior,381,235.51989445247088,-17.759792398561917
3,exterior,382,235.51989478546272,-17.759791478539515
3,exterior,383,235.5198950269507,-17.759790530379014
3,exterior,384,235.519895174623,-17.759789563157387
3,exterior,385,235.51989522706594,-17.759788586134093
3,exterior,386,235.52602388930674,-16.451302492266
3,exterior,387,235.52602384547168,-16.45130150896538
3,exterior,388,235.52602370518224,-16.451300534737232
3,exterior,389,235.52602346979745,-16.451299579019896
3,exterior,390,235.52602314159782,-16.451298651072374
3,exterior,391,235.52602272376288,-16.45129775988464
3,exterior,392,235.52602222034062,-16.45129691409053
3,exterior,393,235.52602163620827,-16.451296121884113
3,exterior,394,235.52602097702487,-16.4512953909403
3,exterior,395,235.5260202491766,-16.451294728340482
3,exterior,396,235.52601945971486,-16.451294140503943
3,exterior,397,235.526018616288,-16.451293633125648
3,exterior,398,235.52601772706714,-16.451293211121087
3,exterior,399,235.52601680066704,-16.45129287857865
3,exterior,400,235.5260158460627,-16.451292638720005
3,exterior,401,235.52601487250234,-16.45129249386892
3,exterior,402,235.5260138894178,-16.451292445428702
3,exterior,403,234.51583158417796,-16.45129230676602
3,exterior,404,234.5158313496339,-16.451292295212557
3,exterior,405,234.51583133907087,-16.451292060621878
3,exterior,406,234.52286712990843,-14.784933508549866
3,exterior,407,234.5228671423311,-14.784933275162977
3,exterior,408,234.52286737576824,-14.78493326372585
3,exterior,409,235.57888030537956,-14.784933394343572
3,exterior,410,235.57888128320218,-14.784933346422013
3,exterior,411,235.57888225165306,-14.784933203116392
3,exterior,412,235.5788832014502,-14.784932965800195
3,exterior,413,235.57888412349047,-14.784932636747945
3,exterior,414,235.57888500893665,-14.784932219113385
3,exterior,415,235.5788858493024,-14.784931716899266
3,exterior,416,235.57888663653333,-14.784931134918978
3,exterior,417,235.57888736308436,-14.784930478750415
3,exterior,418,235.578888021992,-14.784929754682517
3,exterior,419,235.57888860694104,-14.784928969654993
3,exterior,420,235.57888911232516,-14.784928131191814
3,exterior,421,235.57888953330053,-14.784927247329087
3,exterior,422,235.57888986583242,-14.784926326538054
3,exterior,423,235.57889010673375,-14.784925377643884
3,exterior,424,235.57889025369562,-14.784924409741098
3,exterior,425,235.57889030530947,-14.7849234321064
3,exterior,426,235.58383157040316,-13.476433003665258
3,exterior,427,235.58383152572947,-13.476432020969428
3,exterior,428,235.58383138472004,-13.47643104741759
3,exterior,429,235.58383114873948,-13.476430092430675
3,exterior,430,235.58383082007128,-13.47642916524997
3,exterior,431,235.58383040189597,-13.47642827484768
3,exterior,432,235.58382989826015,-13.476427429840106
3,exterior,433,235.58382931403742,-13.47642663840428
3,exterior,434,235.5838286548813,-13.47642590819882
3,exterior,435,235.58382792717026,-13.47642524628983
3,exterior,436,235.58382713794634,-13.476424659082515
3,exterior,437,235.58382629484672,-13.476424152259202
3,exterior,438,235.58382540602997,-13.476423730724356
3,exterior,439,235.58382448009706,-13.476423398557111
3,exterior,440,235.58382352600813,-13.476423158971809
3,exterior,441,235.58382255299574,-13.476423014286883
3,exterior,442,235.5838215704756,-13.476422965902431
3,exterior,443,234.586230926707,-13.476422853219173
3,exterior,444,234.58623069227792,-13.476422841677827
3,exterior,445,234.58623068152062,-13.476422607211475
3,exterior,446,234.59180312283246,-11.810059149752275
3,exterior,447,234.59180313506263,-11.810058916239395
3,exterior,448,234.59180336861505,-11.81005890479019
3,exterior,449,236.1107887932351,-11.810059055475312
3,exterior,450,236.11079025743874,-11.810058947700067
3,exterior,451,236.11079046659825,-11.810058916741212
3,exterior,452,236.11079071038716,-11.810058904790193
3,exterior,453,237.1403497189923,-11.810059006923645
3,exterior,454,237.14035069734518,-11.81005895894995
3,exterior,455,237.140351666311,-11.810058815488969
3,exterior,456,237.1403526165928,-11.81005857791717
3,exterior,457,237.1403535390728,-11.810058248514002
3,exterior,458,237.1403544249001,-11.810057830440009
3,exterior,459,237.14035526557535,-11.810057327706506
3,exterior,460,237.14035605303246,-11.810056745137102
3,exterior,461,237.14035677971603,-11.81005608832141
3,exterior,462,237.14035743865367,-11.810055363561418
3,exterior,463,237.140358023523,-11.810054577811021
3,exterior,464,237.1403585287124,-11.810053738609307
3,exterior,465,237.14035894937467,-11.81005285400821
3,exterior,466,237.14035928147365,-11.810051932495268
3,exterior,467,237.14035952182294,-11.810050982912172
3,exterior,468,237.14035966811645,-11.810050014369944
3,exterior,469,237.14035971895055,-11.810049036161512
3,exterior,470,237.14470866530377,-10.322619167478058
3,exterior,471,237.1447086774417,-10.322618933904922
3,exterior,472,237.1447089110493,-10.322618922449935
3,exterior,473,237.6530305071467,-10.322618966598949
3,exterior,474,237.65303148575455,-10.322618918600172
3,exterior,475,237.653032454968,-10.32261877506445
3,exterior,476,237.65303340548286,-10.322618537369692
3,exterior,477,237.65303432817433,-10.322618207797714
3,exterior,478,237.6530352141848,-10.322617789512332
3,exterior,479,237.65303605500878,-10.32261728652899
3,exterior,480,237.65303684257458,-10.322616703676214
3,exterior,481,237.6530375693217,-10.322616046549259
3,exterior,482,237.65303822827357,-10.322615321456393
3,exterior,483,237.6530388131044,-10.322614535358342
3,exterior,484,237.65303931819992,-10.322613695801468
3,exterior,485,237.65303973871136,-10.322612810845328
3,exterior,486,237.65304007060186,-10.322611888985296
3,exterior,487,237.65304031068538,-10.322610939071023
3,exterior,488,237.6530404566572,-10.322609970221466
3,exterior,489,237.65304050711597,-10.322608991737361
3,exterior,490,237.6565563120778,-8.924034597360558
3,exterior,491,237.65988652053287,-7.347734826729315
3,exterior,492,237.65988653249275,-7.3477345930401246
3,exterior,493,237.65988676620674,-7.347734581573975
3,exterior,494,239.15988523869356,-7.347734674555796
3,exterior,495,239.15988603213827,-7.347734616106849
3,exterior,496,239.15988603221075,-7.347734617584262
3,exterior,497,239.15988676620674,-7.347734581573973
3,exterior,498,240.65988523869356,-7.347734674555794
3,exterior,499,240.65988603213827,-7.347734616106848
3,exterior,500,240.65988603221075,-7.347734617584262
3,exterior,501,240.65988676620674,-7.347734581573973
3,exterior,502,241.1515427436936,-7.347734612050716
3,exterior,503,241.15154372279596,-7.347734564003278
3,exterior,504,241.15154469248964,-7.347734420322553
3,exterior,505,241.15154564345636,-7.34773418238924
3,exterior,506,241.15154656655784,-7.34773385248976
3,exterior,507,241.15154745292352,-7.347733433794283
3,exterior,508,241.15154829403582,-7.347732930326261
3,exterior,509,241.15154908181216,-7.347732346923771
3,exterior,510,241.15154980868232,-7.3477316891930196
3,exterior,511,241.15155046766148,-7.34773096345447
3,exterior,512,241.1515510524172,-7.347730176682107
3,exterior,513,241.15155155733024,-7.3477293364364185
3,exterior,514,241.15155197754865,-7.347728450791746
3,exterior,515,241.15155230903432,-7.347727528258693
3,exterior,516,241.15155254860184,-7.347726577702339
3,exterior,517,241.15155269394916,-7.347725608257056
3,exterior,518,241.15155274367945,-7.347724629238728
3,exterior,519,241.15410935020992,-5.8602909347452625
3,exterior,520,241.15410936208332,-5.860290700999527
3,exterior,521,241.15410959584892,-5.8602906895279565
3,exterior,522,242.82923706412953,-5.86029077242794
3,exterior,523,242.82923729789513,-5.8602907838995355
3,exterior,524,242.82923730976847,-5.860291017645254
3,exterior,525,242.8317937457775,-7.347724640411593
3,exterior,526,242.83179379550768,-7.347725619429919
3,exterior,527,242.83179394085488,-7.347726588875212
3,exterior,528,242.8317941804223,-7.347727539431588
3,exterior,529,242.83179451190784,-7.3477284619646746
3,exterior,530,242.83179493212617,-7.34772934760939
3,exterior,531,242.8317954370391,-7.347730187855133
3,exterior,532,242.8317960217947,-7.34773097462756
3,exterior,533,242.83179668077378,-7.347731700366183
3,exterior,534,242.83179740764388,-7.3477323580970175
3,exterior,535,242.8317981954201,-7.347732941499599
3,exterior,536,242.83179903653237,-7.347733444967719
3,exterior,537,242.83179992289797,-7.3477338636633025
3,exterior,538,242.8318008459994,-7.347734193562893
3,exterior,539,242.8318017969661,-7.347734431496321
3,exterior,540,242.83180276665973,-7.347734575177166
3,exterior,541,242.8318037457621,-7.347734623224726
3,exterior,542,243.6598852386936,-7.347734674555794
3,exterior,543,243.65988603213827,-7.347734616106848
3,exterior,544,243.65988603221075,-7.347734617584264
3,exterior,545,243.65988676620674,-7.347734581573975
3,exterior,546,245.15988523869345,-7.347734674555796
3,exterior,547,245.15988603213816,-7.34773461610685
3,exterior,548,245.15988603221064,-7.347734617584264
3,exterior,549,245.15988676620663,-7.347734581573975
3,exterior,550,246.65988523869345,-7.347734674555794
3,exterior,551,246.65988603213816,-7.347734616106848
3,exterior,552,246.65988603221064,-7.347734617584262
3,exterior,553,246.65988676620663,-7.347734581573973
3,exterior,554,248.3400572361173,-7.347734685724286
3,exterior,555,248.34005746983127,-7.3477346971904645
3,exterior,556,248.34005748179112,-7.347734930879558
3,exterior,557,248.34319973319043,-8.835167437420578
3,exterior,558,248.3431997832816,-8.835168416174318
3,exterior,559,248.34319992893825,-8.835169385324539
3,exterior,560,248.34320016876137,-8.835170335562866
3,exterior,561,248.34320050044755,-8.83517125776256
3,exterior,562,248.34320092081109,-8.83517214306619
3,exterior,563,248.34320142581447,-8.835172982970699
3,exterior,564,248.34320201060734,-8.83517376940907
3,exterior,565,248.34320266957292,-8.835174494827816
3,exterior,566,248.34320339638208,-8.835175152259522
3,exterior,567,248.34320418405406,-8.835175735389766
3,exterior,568,248.3432050250235,-8.83517623861777
3,exterior,569,248.34320591121315,-8.835176657110189
3,exterior,570,248.34320683411147,-8.835176986847538
3,exterior,571,248.34320778485426,-8.835177224662791
3,exterior,572,248.34320875431,-8.835177368271815
3,exterior,573,248.34320973316738,-8.835177416295288
3,exterior,574,249.65677827712773,-8.835177514084334
3,exterior,575,249.65677951955306,-8.835177422584826
3,exterior,576,249.65677993074928,-8.835177402416459
3,exterior,577,251.15677827712767,-8.835177514084336
3,exterior,578,251.156779519553,-8.835177422584827
3,exterior,579,251.15677993074922,-8.83517740241646
3,exterior,580,252.6567782771277,-8.835177514084332
3,exterior,581,252.65677951955294,-8.83517742258483
3,exterior,582,252.65677993074922,-8.835177402416459
3,exterior,583,254.1567782771277,-8.835177514084334
3,exterior,584,254.15677951955294,-8.835177422584831
3,exterior,585,254.15677993074922,-8.83517740241646
3,exterior,586,255.6567782771276,-8.835177514084332
3,exterior,587,255.65677951955283,-8.83517742258483
3,exterior,588,255.6567799307491,-8.835177402416459
3,exterior,589,257.1567782771277,-8.835177514084334
3,exterior,590,257.15677951955297,-8.835177422584831
3,exterior,591,257.1567799307492,-8.83517740241646
3,exterior,592,258.6567782771277,-8.835177514084332
3,exterior,593,258.65677951955297,-8.83517742258483
3,exterior,594,258.6567799307492,-8.835177402416459
3,exterior,595,260.15677827712767,-8.835177514084334
3,exterior,596,260.15677951955297,-8.835177422584826
3,exterior,597,260.1567799307492,-8.835177402416459
3,exterior,598,261.6567782771276,-8.835177514084336
3,exterior,599,261.65677951955286,-8.83517742258483
3,exterior,600,261.65677993074917,-8.835177402416459
3,exterior,601,263.34316386454856,-8.835177527959871
3,exterior,602,263.34316409820997,-8.835177539420535
3,exterior,603,263.3431641102579,-8.835177773052187
3,exterior,604,263.3469030386693,-10.32260899930818
3,exterior,605,263.346903089128,-10.32260997779229
3,exterior,606,263.3469032350996,-10.322610946641868
3,exterior,607,263.346903475183,-10.322611896556179
3,exterior,608,263.3469038070733,-10.322612818416262
3,exterior,609,263.3469042275846,-10.32261370337247
3,exterior,610,263.34690473268,-10.322614542929427
3,exterior,611,263.3469053175107,-10.322615329027574
3,exterior,612,263.34690597646244,-10.32261605412055
3,exterior,613,263.34690670320947,-10.322616711247628
3,exterior,614,263.34690749077515,-10.322617294100535
3,exterior,615,263.346908331599,-10.32261779708402
3,exterior,616,263.34690921760944,-10.322618215369552
3,exterior,617,263.34691014030085,-10.322618544941689
3,exterior,618,263.34691109081564,-10.322618782636608
3,exterior,619,263.34691206002907,-10.322618926172499
3,exterior,620,263.3469130386369,-10.322618974171444
3,exterior,621,264.2576778393775,-10.322619053273668
3,exterior,622,264.2576793039709,-10.322618945440706
3,exterior,623,264.25767937849264,-10.322618934407338
3,exterior,624,264.25767962234625,-10.322618922449932
3,exterior,625,265.76395399000523,-10.322619053273668
3,exterior,626,265.7639554545986,-10.322618945440706
3,exterior,627,265.76395552912027,-10.322618934407338
3,exterior,628,265.76395577297393,-10.322618922449932
3,exterior,629,267.27023014063275,-10.322619053273668
3,exterior,630,267.2702316052262,-10.322618945440706
3,exterior,631,267.2702316797479,-10.322618934407338
3,exterior,632,267.2702319236015,-10.322618922449932
3,exterior,633,268.77650629126043,-10.322619053273668
3,exterior,634,268.7765077558538,-10.322618945440706
3,exterior,635,268.7765078303755,-10.322618934407338
3,exterior,636,268.7765080742291,-10.322618922449934
3,exterior,637,270.282782441888,-10.322619053273668
3,exterior,638,270.2827839064814,-10.322618945440706
3,exterior,639,270.28278398100315,-10.322618934407338
3,exterior,640,270.28278422485675,-10.322618922449932
3,exterior,641,271.7890585925156,-10.322619053273668
3,exterior,642,271.789060057109,-10.322618945440707
3,exterior,643,271.7890601316307,-10.322618934407334
3,exterior,644,271.7890603754843,-10.32261892244993
3,exterior,645,273.2953347431432,-10.322619053273668
3,exterior,646,273.2953362077366,-10.322618945440707
3,exterior,647,273.29533628225835,-10.322618934407334
3,exterior,648,273.29533652611195,-10.32261892244993
3,exterior,649,274.80161089377077,-10.322619053273668
3,exterior,650,274.8016123583642,-10.322618945440706
3,exterior,651,274.8016124328859,-10.322618934407338
3,exterior,652,274.8016126767395,-10.322618922449932
3,exterior,653,275.1530305071809,-10.322618952971458
3,exterior,654,275.15303148578874,-10.322618904972682
3,exterior,655,275.15303245500223,-10.32261876143696
3,exterior,656,275.153033405517,-10.322618523742202
3,exterior,657,275.1530343282085,-10.322618194170223
3,exterior,658,275.153035214219,-10.322617775884842
3,exterior,659,275.153036055043,-10.3226172729015
3,exterior,660,275.1530368426088,-10.322616690048724
3,exterior,661,275.1530375693559,-10.322616032921768
3,exterior,662,275.15303822830776,-10.322615307828903
3,exterior,663,275.1530388131386,-10.322614521730852
3,exterior,664,275.1530393182341,-10.322613682173978
3,exterior,665,275.1530397387455,-10.322612797217838
3,exterior,666,275.15304007063605,-10.322611875357806
3,exterior,667,275.1530403107196,-10.322610925443533
3,exterior,668,275.15304045669143,-10.322609956593976
3,exterior,669,275.1530405071502,-10.322608978109871
3,exterior,670,275.1567796850399,-8.83517764750885
3,exterior,671,275.1567796970879,-8.835177413877089
3,exterior,672,275.1567799307492,-8.835177402416459
3,exterior,673,276.65677827712767,-8.835177514084334
3,exterior,674,276.65677951955297,-8.835177422584826
3,exterior,675,276.6567799307492,-8.835177402416459
3,exterior,676,278.15677827712756,-8.835177514084334
3,exterior,677,278.15677951955286,-8.835177422584826
3,exterior,678,278.1567799307491,-8.835177402416459
3,exterior,679,279.6567782771276,-8.835177514084334
3,exterior,680,279.65677951955286,-8.835177422584831
3,exterior,681,279.65677993074917,-8.83517740241646
3,exterior,682,281.1567782771276,-8.835177514084334
3,exterior,683,281.15677951955286,-8.835177422584831
3,exterior,684,281.15677993074917,-8.83517740241646
3,exterior,685,282.6567782771276,-8.835177514084334
3,exterior,686,282.65677951955297,-8.835177422584826
3,exterior,687,282.65677993074917,-8.835177402416459
3,exterior,688,284.15677827712767,-8.835177514084336
3,exterior,689,284.15677951955297,-8.835177422584827
3,exterior,690,284.1567799307492,-8.83517740241646
3,exterior,691,285.6567782771276,-8.835177514084334
3,exterior,692,285.65677951955286,-8.835177422584831
3,exterior,693,285.65677993074917,-8.83517740241646
3,exterior,694,287.1567782771276,-8.835177514084334
3,exterior,695,287.15677951955297,-8.835177422584826
3,exterior,696,287.15677993074917,-8.835177402416459
3,exterior,697,288.6567340592833,-8.835177514081039
3,exterior,698,288.6567350381407,-8.835177466057711
3,exterior,699,288.65673600759646,-8.83517732244883
3,exterior,700,288.6567369583393,-8.835177084633713
3,exterior,701,288.6567378812377,-8.835176754896498
3,exterior,702,288.65673876742744,-8.835176336404206
3,exterior,703,288.65673960839695,-8.835175833176324
3,exterior,704,288.656740396069,-8.835175250046191
3,exterior,705,288.6567411228782,-8.835174592614587
3,exterior,706,288.65674178184395,-8.835173867195932
3,exterior,707,288.6567423666369,-8.835173080757642
3,exterior,708,288.6567428716404,-8.835172240853202
3,exterior,709,288.6567432920041,-8.835171355549628
3,exterior,710,288.65674362369043,-8.835170433349976
3,exterior,711,288.65674386351367,-8.835169483111681
3,exterior,712,288.65674400917044,-8.835168513961476
3,exterior,713,288.6567440592617,-8.835167535207738
3,exterior,714,288.65988652053284,-7.347734826729313
3,exterior,715,288.6598865324927,-7.347734593040123
3,exterior,716,288.6598867662067,-7.347734581573973
3,exterior,717,290.1598852386935,-7.347734674555796
3,exterior,718,290.1598860321382,-7.34773461610685
3,exterior,719,290.1598860322107,-7.347734617584264
3,exterior,720,290.1598867662067,-7.347734581573975
3,exterior,721,291.6598852386935,-7.347734674555794
3,exterior,722,291.6598860321382,-7.347734616106848
3,exterior,723,291.6598860322107,-7.347734617584262
3,exterior,724,291.6598867662067,-7.347734581573973
3,exterior,725,293.1598852386936,-7.347734674555794
3,exterior,726,293.1598860321383,-7.347734616106848
3,exterior,727,293.15988603221075,-7.347734617584264
3,exterior,728,293.15988676620674,-7.347734581573975
3,exterior,729,294.65988523869356,-7.347734674555796
3,exterior,730,294.6598860321383,-7.347734616106849
3,exterior,731,294.65988603221075,-7.347734617584262
3,exterior,732,294.65988676620674,-7.347734581573973
3,exterior,733,296.15988523869356,-7.347734674555796
3,exterior,734,296.1598860321383,-7.347734616106848
3,exterior,735,296.15988603221075,-7.34773461758426
3,exterior,736,296.15988676620674,-7.347734581573971
3,exterior,737,296.42125228728673,-7.347734597775482
3,exterior,738,296.4212532663891,-7.3477345497280435
3,exterior,739,296.42125423608275,-7.3477344060473175
3,exterior,740,296.4212551870495,-7.3477341681140045
3,exterior,741,296.421256110151,-7.347733838214525
3,exterior,742,296.4212569965166,-7.347733419519047
3,exterior,743,296.42125783762896,-7.347732916051025
3,exterior,744,296.42125862540524,-7.347732332648535
3,exterior,745,296.42125935227546,-7.347731674917784
3,exterior,746,296.4212600112546,-7.347730949179234
3,exterior,747,296.4212605960103,-7.347730162406871
3,exterior,748,296.42126110092335,-7.347729322161183
3,exterior,749,296.42126152114173,-7.347728436516511
3,exterior,750,296.4212618526274,-7.347727513983458
3,exterior,751,296.421262092195,-7.347726563427105
3,exterior,752,296.42126223754224,-7.347725593981822
3,exterior,753,296.42126228727255,-7.347724614963495
3,exterior,754,296.4238188937785,-5.860290934745084
3,exterior,755,296.4238189056519,-5.860290700999528
3,exterior,756,296.4238191394175,-5.860290689527957
3,exterior,757,297.91759367406087,-5.860290763453008
3,exterior,758,297.91759433830566,-5.860290714509208
3,exterior,759,297.9175943388478,-5.860290725556322
3,exterior,760,297.91759507302737,-5.860290689527957
3,exterior,761,299.59272254130804,-5.86029077242794
3,exterior,762,299.59272277507364,-5.8602907838995355
3,exterior,763,299.592722786947,-5.860291017645075
3,exterior,764,299.5952792229308,-7.347724625750542
3,exterior,765,299.595279272661,-7.34772560476887
3,exterior,766,299.5952794180082,-7.347726574214163
3,exterior,767,299.5952796575756,-7.347727524770539
3,exterior,768,299.59527998906117,-7.347728447303626
3,exterior,769,299.59528040927944,-7.347729332948342
3,exterior,770,299.5952809141924,-7.347730173194084
3,exterior,771,299.595281498948,-7.347730959966512
3,exterior,772,299.5952821579271,-7.347731685705136
3,exterior,773,299.5952828847972,-7.34773234343597
3,exterior,774,299.59528367257343,-7.347732926838551
3,exterior,775,299.59528451368567,-7.347733430306671
3,exterior,776,299.5952854000513,-7.347733849002254
3,exterior,777,299.5952863231527,-7.347734178901844
3,exterior,778,299.5952872741194,-7.347734416835273
3,exterior,779,299.59528824381306,-7.347734560516117
3,exterior,780,299.5952892229154,-7.347734608563676
3,exterior,781,300.65988523869356,-7.347734674555794
3,exterior,782,300.6598860321383,-7.347734616106848
3,exterior,783,300.65988603221075,-7.347734617584262
3,exterior,784,300.65988676620674,-7.347734581573973
3,exterior,785,300.9025800881185,-7.347734596618033
3,exterior,786,300.90258106722086,-7.347734548570594
3,exterior,787,300.9025820369145,-7.347734404889868
3,exterior,788,300.90258298788126,-7.347734166956555
3,exterior,789,300.90258391098274,-7.347733837057076
3,exterior,790,300.90258479734837,-7.347733418361598
3,exterior,791,300.9025856384607,-7.347732914893576
3,exterior,792,300.902586426237,-7.347732331491086
3,exterior,793,300.9025871531072,-7.347731673760335
3,exterior,794,300.9025878120864,-7.347730948021785
3,exterior,795,300.9025883968421,-7.347730161249422
3,exterior,796,300.9025889017551,-7.347729321003734
3,exterior,797,300.9025893219735,-7.347728435359062
3,exterior,798,300.9025896534592,-7.347727512826009
3,exterior,799,300.90258989302674,-7.3477265622696555
3,exterior,800,300.902590038374,-7.347725592824372
3,exterior,801,300.9025900881043,-7.3477246138060455
3,exterior,802,300.9051466946083,-5.860290934745085
3,exterior,803,300.9051467064817,-5.860290700999529
3,exterior,804,300.9051469402473,-5.860290689527958
3,exterior,805,302.39892147489076,-5.860290763453008
3,exterior,806,302.39892213913555,-5.860290714509208
3,exterior,807,302.39892213967767,-5.860290725556322
3,exterior,808,302.39892287385726,-5.860290689527957
3,exterior,809,303.89269740850074,-5.8602907634530075
3,exterior,810,303.89269807274553,-5.860290714509207
3,exterior,811,303.89269807328765,-5.860290725556321
3,exterior,812,303.89269880746724,-5.8602906895279565
3,exterior,813,305.38647334211066,-5.8602907634530075
3,exterior,814,305.38647400635546,-5.860290714509207
3,exterior,815,305.3864740068976,-5.860290725556321
3,exterior,816,305.38647474107717,-5.8602906895279565
3,exterior,817,306.88024927572053,-5.8602907634530075
3,exterior,818,306.8802499399653,-5.860290714509207
3,exterior,819,306.88024994050744,-5.860290725556321
3,exterior,820,306.88025067468703,-5.8602906895279565
3,exterior,821,307.09624786093354,-5.86029070021739
3,exterior,822,307.0962488402772,-5.860290652146196
3,exterior,823,307.0962498102052,-5.860290508394683
3,exterior,824,307.09625076139247,-5.860290270344914
3,exterior,825,307.096251684694,-5.8602899402855595
3,exterior,826,307.0962525712329,-5.860289521389891
3,exterior,827,307.0962534124859,-5.860289017685278
3,exterior,828,307.09625420036485,-5.860288434014459
3,exterior,829,307.0962549272949,-5.860287775988993
3,exterior,830,307.09625558628727,-5.860287049935298
3,exterior,831,307.09625617100613,-5.860286262833836
3,exterior,832,307.0962566758299,-5.860285422251997
3,exterior,833,307.09625709590506,-5.860284536271343
3,exterior,834,307.09625742719294,-5.860283613409911
3,exterior,835,307.0962576665084,-5.860282662540323
3,exterior,836,307.09625781155063,-5.860281692804474
3,exterior,837,307.09625786092516,-5.860280713525646
3,exterior,838,307.09823737858017,-4.372846195233354
3,exterior,839,307.0982373903683,-4.372845961432342
3,exterior,840,307.0982376241848,-4.372845949955429
3,exterior,841,308.5858396587588,-4.372846004931569
3,exterior,842,308.5858401938563,-4.3728459906048585
3,exterior,843,308.5858409524324,-4.372845949955431
3,exterior,844,310.0734429645439,-4.372846004931569
3,exterior,845,310.0734434996414,-4.3728459906048585
3,exterior,846,310.07344425821753,-4.37284594995543
3,exterior,847,311.56100311330516,-4.372846004929975
3,exterior,848,311.56100409288734,-4.372845956835295
3,exterior,849,311.56100506304693,-4.372845813013805
3,exterior,850,311.5610060144521,-4.372845574848914
3,exterior,851,311.56100693795133,-4.372845244631517
3,exterior,852,311.5610078246615,-4.372844825537957
3,exterior,853,311.5610086660534,-4.3728443215994695
3,exterior,854,311.5610094540337,-4.372843737663412
3,exterior,855,311.56101018102294,-4.372843079346631
3,exterior,856,311.5610108400282,-4.372842352981438
3,exterior,857,311.5610114247105,-4.3728415655547
3,exterior,858,311.56101192944595,-4.372840724640629
3,exterior,859,311.5610123493794,-4.37283983832793
3,exterior,860,311.56101268047155,-4.372838915141993
3,exterior,861,311.56101291953775,-4.372837963962893
3,exterior,862,311.5610130642783,-4.372836993939966
3,exterior,863,311.56101311330104,-4.372836014403809
3,exterior,864,311.5624222853454,-2.8854008272226634
3,exterior,865,311.5624222970492,-2.8854005933669327
3,exterior,866,311.56242253091597,-2.88540058188474
3,exterior,867,313.0500248521012,-2.8854006181803764
3,exterior,868,313.0500253424823,-2.885400606149472
3,exterior,869,313.0500258367011,-2.8854005818847392
3,exterior,870,314.5376281578864,-2.885400618180376
3,exterior,871,314.53762864826746,-2.8854006061494717
3,exterior,872,314.5376291424862,-2.88540058188474
3,exterior,873,316.0251882622677,-2.885400618179322
3,exterior,874,316.02518924208636,-2.885400570061349
3,exterior,875,316.02519021247565,-2.8854004261704502
3,exterior,876,316.0251911640969,-2.885400187891374
3,exterior,877,316.0251920877921,-2.8853998575172235
3,exterior,878,316.025192974672,-2.8853994382273864
3,exterior,879,316.02519381620164,-2.8853989340569406
3,exterior,880,316.02519460428243,-2.88539834985782
3,exterior,881,316.0251953313302,-2.8853976912521233
3,exterior,882,316.02519599034815,-2.8853969645780073
3,exterior,883,316.0251965749942,-2.885396176828693
3,exterior,884,316.0251970796418,-2.8853953355851645
3,exterior,885,316.0251974994346,-2.885394448943212
3,exterior,886,316.0251978303326,-2.8853935254355223
3,exterior,887,316.0251980691514,-2.8853925739495643
3,exterior,888,316.02519821359266,-2.8853916036420566
3,exterior,889,316.0251982622664,-2.88539062385085
3,exterior,890,316.0260418656585,-1.3979550463183752
3,exterior,891,316.02604187727854,-1.3979548124083259
3,exterior,892,316.02604211119524,-1.3979548009208964
3,exterior,893,317.51364481338703,-1.3979548185115538
3,exterior,894,317.51364530388673,-1.3979548064748164
3,exterior,895,317.51364541698035,-1.3979548009208962
3,exterior,896,319.18051390458703,-1.3979548206313421
3,exterior,897,319.18051413850367,-1.3979548321187767
3,exterior,898,319.1805141501237,-1.3979550660289
3,exterior,899,319.1813576972601,-2.8853905919703227
3,exterior,900,319.1813577459338,-2.885391571761524
3,exterior,901,319.181357890375,-2.885392542069031
3,exterior,902,319.18135812919377,-2.8853934935549925
3,exterior,903,319.1813584600917,-2.885394417062689
3,exterior,904,319.18135887988444,-2.8853953037046525
3,exterior,905,319.1813593845321,-2.8853961449481966
3,exterior,906,319.18135996917806,-2.88539693269753
3,exterior,907,319.181360628196,-2.885397659371669
3,exterior,908,319.1813613552437,-2.885398317977393
3,exterior,909,319.18136214332446,-2.8853989021765445
3,exterior,910,319.18136298485405,-2.8853994063470245
3,exterior,911,319.18136387173394,-2.8853998256368993
3,exterior,912,319.18136479542915,-2.88540015601109
3,exterior,913,319.1813657470504,-2.885400394290209
3,exterior,914,319.18136671743963,-2.8854005381811527
3,exterior,915,319.1813676972583,-2.8854005862991725
3,exterior,916,320.48799817962316,-2.8854006181793217
3,exterior,917,320.4879991594418,-2.8854005700613485
3,exterior,918,320.4880001298311,-2.88540042617045
3,exterior,919,320.48800108145235,-2.8854001878913738
3,exterior,920,320.48800200514756,-2.885399857517223
3,exterior,921,320.48800289202745,-2.885399438227386
3,exterior,922,320.4880037335571,-2.88539893405694
3,exterior,923,320.4880045216379,-2.8853983498578195
3,exterior,924,320.4880052486857,-2.885397691252123
3,exterior,925,320.4880059077036,-2.885396964578007
3,exterior,926,320.48800649234965,-2.8853961768286926
3,exterior,927,320.4880069969973,-2.885395335585164
3,exterior,928,320.4880074167901,-2.8853944489432117
3,exterior,929,320.4880077476881,-2.885393525435522
3,exterior,930,320.48800798650683,-2.885392573949564
3,exterior,931,320.4880081309481,-2.885391603642056
3,exterior,932,320.48800817962183,-2.8853906238508498
3,exterior,933,320.48885178301396,-1.3979550463183745
3,exterior,934,320.488851794634,-1.3979548124083252
3,exterior,935,320.4888520285507,-1.3979548009208957
3,exterior,936,321.9764547307425,-1.3979548185115533
3,exterior,937,321.97645522124225,-1.3979548064748157
3,exterior,938,321.97645533433575,-1.3979548009208964
3,exterior,939,323.4640580365276,-1.3979548185115538
3,exterior,940,323.4640585270273,-1.3979548064748164
3,exterior,941,323.46405864012087,-1.397954800920896
3,exterior,942,323.6109383644237,-1.3979548026577246
3,exterior,943,323.6109393444777,-1.39795475451657
3,exterior,944,323.61094031509543,-1.3979546105565972
3,exterior,945,323.6109412669317,-1.397954372163886
3,exterior,946,323.6109421908219,-1.3979540416337375
3,exterior,947,323.6109430778707,-1.3979536221485729
3,exterior,948,323.6109439195373,-1.3979531177472928
3,exterior,949,323.610944707718,-1.397952533286391
3,exterior,950,323.6109454348239,-1.397951874393193
3,exterior,951,323.6109460938544,-1.3979511474116761
3,exterior,952,323.6109466784642,-1.3979503593413884
3,exterior,953,323.6109471830244,-1.3979495177700543
3,exterior,954,323.6109476026771,-1.3979486308005185
3,exterior,955,323.6109479333817,-1.397947706972731
3,exterior,956,323.61094817195413,-1.3979467551815214
3,exterior,957,323.61094831609745,-1.397945784590957
3,exterior,958,323.6109483644237,-1.3979448045461105
3,exterior,959,323.6112292496935,0.08949093411232216
3,exterior,960,323.6112292612303,0.08949116807637733
3,exterior,961,323.61122949519654,0.08949117956901734
3,exterior,962,325.2776040782872,0.08949118083054765
3,exterior,963,325.27760412397987,0.08949117970899088
3,exterior,964,326.75908555976866,0.08949118083054765
3,exterior,965,326.75908560546134,0.08949117970899088
3,exterior,966,328.05562989352046,0.08949118069054082
3,exterior,967,328.0556308738093,0.08949122885484383
3,exterior,968,328.0556318446552,0.08949137288379146
3,exterior,969,328.05563279670605,0.08949161138997296
3,exterior,970,328.0556337207909,0.08949194207589155
3,exterior,971,328.05563460800823,0.08949236175609593
3,exterior,972,328.0556354498116,0.08949286638786524
3,exterior,973,328.0556362380919,0.08949345111015208
3,exterior,974,328.05563696525587,0.08949411029040824
3,exterior,975,328.0556376242988,0.08949483757884229
3,exterior,976,328.0556382088722,0.08949562596958624
3,exterior,977,328.055638713345,0.08949646786818205
3,exterior,978,328.05563913285766,0.08949735516473803
3,exterior,979,328.05563946336906,0.08949827931205026
3,exterior,980,328.05563970169544,0.08949923140793666
3,exterior,981,328.05563984554107,0.08950020228099036
3,exterior,982,328.05563989352027,0.08950118257892675
3,exterior,983,328.05535900824714,1.576936901780451
3,exterior,984,328.05535901970075,1.576937135798368
3,exterior,985,328.0553592537165,1.576937147296211
3,exterior,986,329.4143601018484,1.5769371654231445
3,exterior,987,329.4143610823725,1.5769372136106408
3,exterior,988,329.4143620534469,1.5769373577086958
3,exterior,989,329.41436300571274,1.5769375963285654
3,exterior,990,329.4143639299926,1.576937927170551
3,exterior,991,329.4143648173787,1.5769383470461646
3,exterior,992,329.41436565931895,1.5769388519088563
3,exterior,993,329.414366447699,1.5769394368930132
3,exterior,994,329.41436717492104,1.5769400963608529
3,exterior,995,329.4143678339763,1.5769408239567564
3,exterior,996,329.4143684185132,1.5769416126685203
3,exterior,997,329.4143689228983,1.576942454894938
3,exterior,998,329.41436934227056,1.576943342519055
3,exterior,999,329.4143696725883,1.5769442669863973
3,exterior,1000,329.41436991066803,1.5769452193874138
3,exterior,1001,329.4143700542153,1.576946190543343
3,exterior,1002,329.41437010184666,1.576947171094673
3,exterior,1003,329.4135264984499,3.064382644328086
3,exterior,1004,329.41352650982026,3.064382878399917
3,exterior,1005,329.41352674388554,3.0643828899029724
3,exterior,1006,331.08228540726464,3.0643829331418613
3,exterior,1007,331.0822859463037,3.064382906651004
3,exterior,1008,331.0822864371575,3.0643828945968807
3,exterior,1009,332.5698887130498,3.0643829331418613
3,exterior,1010,332.56988925208896,3.0643829066510038
3,exterior,1011,332.5698897429427,3.0643828945968807
3,exterior,1012,333.87629229796613,3.0643829284468294
3,exterior,1013,333.8762932787268,3.0643829766576416
3,exterior,1014,333.8762942500308,3.06438312082517
3,exterior,1015,333.87629520251267,3.0643833595593297
3,exterior,1016,333.87629612698845,3.064383690558208
3,exterior,1017,333.8762970145442,3.0643841106302614
3,exterior,1018,333.876297856622,3.064384615725089
3,exterior,1019,333.8762986451023,3.0643852009724877
3,exterior,1020,333.8762993723825,3.0643858607294097
3,exterior,1021,333.8763000314501,3.0643865886343744
3,exterior,1022,333.87630061595024,3.064387377668808
3,exterior,1023,333.87630112024704,3.064388220224717
3,exterior,1024,333.87630153947805,3.0643891081780437
3,exterior,1025,333.8763018696009,3.0643900329670033
3,exterior,1026,333.87630210743254,3.0643909856746347
3,exterior,1027,333.8763022506798,3.0643919571147813
3,exterior,1028,333.8763022979614,3.0643929379206645
3,exterior,1029,333.8748931259071,4.551827948180515
3,exterior,1030,333.87489313719357,4.551828182306416
3,exterior,1031,333.8748933713087,4.551828193814711
3,exterior,1032,335.54653851837674,4.551828258115751
3,exterior,1033,335.5465390207335,4.551828233421657
3,exterior,1034,335.546539069393,4.551828228022143
3,exterior,1035,335.5465398054815,4.551828200894064
3,exterior,1036,337.03414182416185,4.551828258115751
3,exterior,1037,337.03414232651863,4.551828233421657
3,exterior,1038,337.03414237517813,4.551828228022143
3,exterior,1039,337.0341431112666,4.551828200894064
3,exterior,1040,338.52174512994696,4.551828258115751
3,exterior,1041,338.52174563230375,4.551828233421657
3,exterior,1042,338.52174568096325,4.551828228022143
3,exterior,1043,338.5217464170517,4.551828200894064
3,exterior,1044,339.8252618985705,4.551828251034729
3,exterior,1045,339.82526287956966,4.55182829926906
3,exterior,1046,339.8252638511052,4.551828443506666
3,exterior,1047,339.82526480380494,4.551828682356107
3,exterior,1048,339.8252657284783,4.551829013513238
3,exterior,1049,339.82526661620506,4.551829433783433
3,exterior,1050,339.8252674584215,4.551829939112403
3,exterior,1051,339.8252682470028,4.551830524625312
3,exterior,1052,339.82526897434167,4.5518311846738
3,exterior,1053,339.8252696334216,4.551831912890472
3,exterior,1054,339.8252702178845,4.551832702250325
3,exterior,1055,339.8252707220921,4.551833545138516
3,exterior,1056,339.8252711411805,4.5518344334238225
3,exterior,1057,339.82527147110676,4.551835358537081
3,exterior,1058,339.82527170868804,4.551836311553855
3,exterior,1059,339.8252718516326,4.551837283280528
3,exterior,1060,339.82527189856125,4.5518382643429876
3,exterior,1061,339.823530514131,5.860336244658576
3,exterior,1062,339.82353046475646,5.860337223937404
3,exterior,1063,339.8235303197142,5.860338193673252
3,exterior,1064,339.82353008039877,5.8603391445428406
3,exterior,1065,339.8235297491109,5.860340067404271
3,exterior,1066,339.82352932903575,5.860340953384925
3,exterior,1067,339.82352882421196,5.860341793966764
3,exterior,1068,339.8235282394931,5.860342581068226
3,exterior,1069,339.82352758050075,5.860343307121919
3,exterior,1070,339.8235268535707,5.860343965147386
3,exterior,1071,339.82352606569174,5.860344548818205
3,exterior,1072,339.82352522443875,5.860345052522819
3,exterior,1073,339.8235243378998,5.860345471418486
3,exterior,1074,339.8235234145983,5.86034580147784
3,exterior,1075,339.82352246341105,5.8603460395276095
3,exterior,1076,339.82352149348304,5.860346183279122
3,exterior,1077,339.8235205141394,5.860346231350317
3,exterior,1078,339.74332111895933,5.860346227381312
3,exterior,1079,339.7433208851937,5.860346238852882
3,exterior,1080,339.74332087332033,5.860346472598438
3,exterior,1081,339.7404567099272,7.526716372415931
3,exterior,1082,339.74045672104353,7.526716606651613
3,exterior,1083,339.74045695525973,7.526716618170543
3,exterior,1084,341.4213127503709,7.526716724886903
3,exterior,1085,341.42131309967175,7.526716707708069
3,exterior,1086,341.42131355459054,7.526716657202897
3,exterior,1087,341.42131429103966,7.52671663004821
3,exterior,1088,342.91508868398074,7.526716724886903
3,exterior,1089,342.9150890332816,7.526716707708069
3,exterior,1090,342.9150894882004,7.526716657202897
3,exterior,1091,342.91509022464953,7.52671663004821
3,exterior,1092,344.40886461759084,7.526716724886903
3,exterior,1093,344.4088649668917,7.526716707708069
3,exterior,1094,344.4088654218105,7.526716657202897
3,exterior,1095,344.4088661582596,7.52671663004821
3,exterior,1096,345.65949836927837,7.526716709449976
3,exterior,1097,345.6594993507638,7.526716757732277
3,exterior,1098,345.6595003227715,7.526716902112824
3,exterior,1099,345.65950127591543,7.526717141197412
3,exterior,1100,345.6595022009916,7.5267174726773325
3,exterior,1101,345.659503089067,7.526717893351668
3,exterior,1102,345.659503931566,7.526718399158198
3,exterior,1103,345.659504720353,7.526718985212629
3,exterior,1104,345.6595054478112,7.5267196458557555
3,exterior,1105,345.65950610691596,7.526720374708112
3,exterior,1106,345.6595066913026,7.526721164731574
3,exterior,1107,345.65950719532805,7.526722008297321
3,exterior,1108,345.6595076141252,7.526722897259504
3,exterior,1109,345.6595079436499,7.526723823033906
3,exterior,1110,345.6595081807202,7.526724776680835
3,exterior,1111,345.65950832304685,7.526725748991449
3,exterior,1112,345.65950836925543,7.52672673057668
3,exterior,1113,345.65636590793247,9.014159048955289
3,exterior,1114,345.65636591896185,9.014159283246926
3,exterior,1115,345.65636615322967,9.014159294771286
3,exterior,1116,347.1563197272558,9.014159408679399
3,exterior,1117,347.15632070899073,9.014159456986325
3,exterior,1118,347.15632168124074,9.014159601440243
3,exterior,1119,347.1563226346126,9.01415984064553
3,exterior,1120,347.1563235598953,9.014160172291133
3,exterior,1121,347.1563244481496,9.014160593172905
3,exterior,1122,347.15632529079346,9.014161099224548
3,exterior,1123,347.156326079686,9.014161685556912
3,exterior,1124,347.1563268072053,9.014162346505222
3,exterior,1125,347.1563274663226,9.014163075683811
3,exterior,1126,347.1563280506699,9.014163866047816
3,exterior,1127,347.1563285546016,9.014164709961237
3,exterior,1128,347.15632897324906,9.014165599270713
3,exterior,1129,347.15632930256754,9.014166525384299
3,exterior,1130,347.15632953937535,9.014167479354464
3,exterior,1131,347.15632968138465,9.014168451964553
3,exterior,1132,347.1563297272234,9.014169433817818
3,exterior,1133,347.1525905490231,10.501600396593327
3,exterior,1134,347.15259055996387,10.501600630941912
3,exterior,1135,347.1525907942842,10.501600642471804
3,exterior,1136,348.8473527218685,10.50160079218993
3,exterior,1137,348.84735296656,10.501600780149762
3,exterior,1138,348.8473530465951,10.501600768258399
3,exterior,1139,348.8473537794102,10.501600686859682
3,exterior,1140,348.84735451623095,10.501600659677562
3,exterior,1141,350.3473527218685,10.501600792189933
3,exterior,1142,350.3473529665599,10.501600780149767
3,exterior,1143,350.3473530465951,10.5016007682584
3,exterior,1144,350.3473537794102,10.501600686859682
3,exterior,1145,350.347354516231,10.50160065967756
3,exterior,1146,351.6211627781445,10.50160077220793
3,exterior,1147,351.6211637601344,10.501600820540023
3,exterior,1148,351.62116473263194,10.501600965068935
3,exterior,1149,351.6211656862367,10.501601204397591
3,exterior,1150,351.6211666117306,10.501601536212542
3,exterior,1151,351.62116750016753,10.501601957306335
3,exterior,1152,351.62116834295944,10.501602463608505
3,exterior,1153,351.6211691319597,10.501603050224933
3,exterior,1154,351.62116985954134,10.501603711485147
3,exterior,1155,351.62117051867136,10.501604440997145
3,exterior,1156,351.62117110297834,10.501605231709169
3,exterior,1157,351.62117160681413,10.501606075977877
3,exterior,1158,351.62117202530845,10.501606965642232
3,exterior,1159,351.62117235441593,10.501607892102378
3,exterior,1160,351.6211725909553,10.501608846402782
3,exterior,1161,351.62117273264016,10.50160981931879
3,exterior,1162,351.62117277810086,10.501610801445809
3,exterior,1163,351.61682383152515,11.989040177474795
3,exterior,1164,351.61682384237537,11.989040411881545
3,exterior,1165,351.6168240767494,11.989040423417093
3,exterior,1166,353.32035764086794,11.98904059493348
3,exterior,1167,353.32035788562257,11.989040582887062
3,exterior,1168,353.3203580940258,11.989040551915007
3,exterior,1169,353.3203588270294,11.98904047047397
3,exterior,1170,353.32035956404184,11.989040443277698
3,exterior,1171,354.8266337914957,11.989040594933478
3,exterior,1172,354.8266340362503,11.989040582887062
3,exterior,1173,354.8266342446535,11.989040551915007
3,exterior,1174,354.82663497765714,11.98904047047397
3,exterior,1175,354.8266357146695,11.989040443277698
3,exterior,1176,356.11018190505854,11.989040572508616
3,exterior,1177,356.1101828873098,11.989040620866518
3,exterior,1178,356.11018386006117,11.989040765472334
3,exterior,1179,356.11018481390465,11.989041004927495
3,exterior,1180,356.11018573961496,11.9890413369161
3,exterior,1181,356.11018662823915,11.989041758227302
3,exterior,1182,356.1101874711828,11.98904226478636
3,exterior,1183,356.11018826029334,11.989042851694057
3,exterior,1184,356.11018898793884,11.989043513274083
3,exterior,1185,356.1101896470818,11.989044243127926
3,exterior,1186,356.1101902313473,11.989045034196758
3,exterior,1187,356.1101907350846,11.989045878829712
3,exterior,1188,356.11019115342174,11.989046768857865
3,exterior,1189,356.11019148231276,11.989047695673259
3,exterior,1190,356.1101917185768,11.98904865031214
3,exterior,1191,356.11019185992876,11.98904962354166
3,exterior,1192,356.1101919050016,11.989050605949174
3,exterior,1193,356.1052178363289,13.47647814484788
3,exterior,1194,356.1052178470862,13.476478379314214
3,exterior,1195,356.10521808151526,13.47647839085556
3,exterior,1196,357.6177196667842,13.47647856170148
3,exterior,1197,357.6177206493043,13.476478610085932
3,exterior,1198,357.6177216223167,13.47647875477086
3,exterior,1199,357.61772257640564,13.476478994356164
3,exterior,1200,357.61772350233855,13.476479326523409
3,exterior,1201,357.6177243911553,13.476479748058257
3,exterior,1202,357.6177252342549,13.47648025488157
3,exterior,1203,357.61772602347884,13.476480842088886
3,exterior,1204,357.6177267511899,13.476481503997878
3,exterior,1205,357.61772741034605,13.476482234203338
3,exterior,1206,357.6177279945687,13.476483025639165
3,exterior,1207,357.61772849820454,13.47648387064674
3,exterior,1208,357.61772891637986,13.476484761049033
3,exterior,1209,357.61772924504805,13.47648568822974
3,exterior,1210,357.6177294810286,13.476486643216655
3,exterior,1211,357.61772962203804,13.476487616768493
3,exterior,1212,357.6177296667118,13.476488599464325
3,exterior,1213,357.6121126848491,14.963914041505062
3,exterior,1214,357.61211269551075,14.963914276032634
3,exterior,1215,357.6121129299964,14.96391428757994
3,exterior,1216,359.33698212540065,14.963914503452239
3,exterior,1217,359.3369823702866,14.963914491392824
3,exterior,1218,359.3369828416904,14.96391442129617
3,exterior,1219,359.33698357508604,14.963914339767097
3,exterior,1220,359.3369843124969,14.963914312541386
3,exterior,1221,0.8624058542141899,14.963914503452242
3,exterior,1222,0.8624060991001774,14.963914491392828
3,exterior,1223,0.8624065705040065,14.96391442129617
3,exterior,1224,0.8624073038996026,14.963914339767097
3,exterior,1225,0.862408041310513,14.963914312541386
3,exterior,1226,2.2144090780414842,14.963914481748168
3,exterior,1227,2.214410060838958,14.96391453016002
3,exterior,1228,2.214411034120634,14.963914674926588
3,exterior,1229,2.2144119884628632,14.963914914646196
3,exterior,1230,2.2144129146253744,14.963915246997795
3,exterior,1231,2.2144138036407415,14.963915668763438
3,exterior,1232,2.21441464690121,14.963916175859447
3,exterior,1233,2.214415436242041,14.963916763375945
3,exterior,1234,2.2144161640205633,14.96391742562439
3,exterior,1235,2.2144168231901737,14.963918156192666
3,exterior,1236,2.214417407368564,14.963918948007159
3,exterior,1237,2.214417910899517,14.963919793401244
3,exterior,1238,2.2144183289076715,14.963920684189526
3,exterior,1239,2.2144186573457287,14.963921611747084
3,exterior,1240,2.2144188930336375,14.963922567092986
3,exterior,1241,2.214419033689386,14.963923540977241
3,exterior,1242,2.2144190779510966,14.963924523970364
3,exterior,1243,2.208138794937399,16.45134759809293
3,exterior,1244,2.2081388055004285,16.451347832683627
3,exterior,1245,2.2081390400444745,16.45134784423709
3,exterior,1246,3.7663569783610487,16.451348058126587
3,exterior,1247,3.7663579614455656,16.451348106566805
3,exterior,1248,3.7663589350059303,16.45134825141789
3,exterior,1249,3.7663598896102743,16.451348491276534
3,exterior,1250,3.7663608160103754,16.45134882381897
3,exterior,1251,3.766361705231254,16.451349245823536
3,exterior,1252,3.7663625486581247,16.451349753201832
3,exterior,1253,3.7663633381198536,16.451350341038374
3,exterior,1254,3.7663640659681223,16.45135100363819
3,exterior,1255,3.7663647251515258,16.45135173458201
3,exterior,1256,3.7663653092838842,16.451352526788426
3,exterior,1257,3.7663658127061135,16.45135337258254
3,exterior,1258,3.7663662305410512,16.451354263770277
3,exterior,1259,3.7663665587407062,16.451355191717802
3,exterior,1260,3.766366794125474,16.451356147435142
3,exterior,1261,3.7663669344149437,16.451357121663293
3,exterior,1262,3.7663669782499887,16.451358104963912
3,exterior,1263,3.7594002226341097,17.93877853126614
3,exterior,1264,3.7594002330949547,17.938778765922123
3,exterior,1265,3.7594004676993573,17.938778777481954
3,exterior,1266,5.510927423235945,17.938779038959566
3,exterior,1267,5.510927668261758,17.938779026886305
3,exterior,1268,5.510927906939078,17.938778991374793
3,exterior,1269,5.5109281410377084,17.93877894266651
3,exterior,1270,5.510928955163907,17.938778841951308
3,exterior,1271,5.5109297748058355,17.93877880830418
3,exterior,1272,7.055991800918367,17.938779038959563
3,exterior,1273,7.05599204594418,17.9387790268863
3,exterior,1274,7.0559922846215075,17.93877899137479
3,exterior,1275,7.055992518720116,17.93877894266651
3,exterior,1276,7.055993332846315,17.938778841951308
3,exterior,1277,7.0559941524882435,17.93877880830418
3,exterior,1278,8.601056178600762,17.938779038959563
3,exterior,1279,8.601056423626568,17.9387790268863
3,exterior,1280,8.601056662303906,17.938778991374786
3,exterior,1281,8.601056896402488,17.938778942666513
3,exterior,1282,8.601057710528696,17.938778841951308
3,exterior,1283,8.601058530170635,17.93877880830418
3,exterior,1284,10.146120556283156,17.938779038959566
3,exterior,1285,10.146120801308962,17.938779026886305
3,exterior,1286,10.146121039986296,17.93877899137479
3,exterior,1287,10.146121274084917,17.93877894266651
3,exterior,1288,10.146122088211117,17.938778841951308
3,exterior,1289,10.146122907853044,17.93877880830418
3,exterior,1290,11.691184933965578,17.938779038959563
3,exterior,1291,11.691185178991384,17.9387790268863
3,exterior,1292,11.691185417668724,17.938778991374786
3,exterior,1293,11.691185651767324,17.93877894266651
3,exterior,1294,11.691186465893523,17.938778841951308
3,exterior,1295,11.691187285535452,17.93877880830418
3,exterior,1296,13.150127596965007,17.938779026102836
3,exterior,1297,13.15012858034751,17.938779074572505
3,exterior,1298,13.150129554197182,17.93877921951136
3,exterior,1299,13.15013050907362,17.938779459514375
3,exterior,1300,13.150131435720338,17.938779792254987
3,exterior,1301,13.150132325154514,17.93878021450764
3,exterior,1302,13.150133168754058,17.938780722179057
3,exterior,1303,13.150133958341197,17.938781310347917
3,exterior,1304,13.150134686261747,17.938781973312565
3,exterior,1305,13.150135345459317,17.938782704646293
3,exterior,1306,13.150135929543708,17.938783497259617
3,exterior,1307,13.150136432852861,17.93878434346902
3,exterior,1308,13.150136850507748,17.93878523507143
3,exterior,1309,13.150137178459659,17.938786163423732
3,exterior,1310,13.15013741352946,17.938787119526573
3,exterior,1311,13.150137553438409,17.938788094111583
3,exterior,1312,13.15013759683024,17.93878907773123
3,exterior,1313,13.142458196801542,19.426206541657702
3,exterior,1314,13.142458207156245,19.426206776381385
3,exterior,1315,13.142458441823388,19.42620678794783
3,exterior,1316,14.909430720364197,19.42620707279245
3,exterior,1317,14.909430965463747,19.42620706071188
3,exterior,1318,14.909431144974024,19.426207033995276
3,exterior,1319,14.909431519672985,19.42620695600827
3,exterior,1320,14.909432334042874,19.426206855231975
3,exterior,1321,14.909433153933522,19.4262068215644
3,exterior,1322,16.409005224001636,19.42620706330279
3,exterior,1323,16.40900620769443,19.426207111803137
3,exterior,1324,16.409007181845347,19.42620725683341
3,exterior,1325,16.409008137005095,19.42620749698681
3,exterior,1326,16.40900906390858,19.426207829933833
3,exterior,1327,16.40900995356481,19.42620825244489
3,exterior,1328,16.409010797344077,19.4262087604216
3,exterior,1329,16.4090115870617,19.426209348936574
3,exterior,1330,16.409012315057378,19.426210012281192
3,exterior,1331,16.409012974269533,19.426210744020988
3,exterior,1332,16.40901355830378,19.426211537058055
3,exterior,1333,16.409014061494965,19.42621238369991
3,exterior,1334,16.409014478962114,19.426213275734085
3,exterior,1335,16.40901480665578,19.426214204507822
3,exterior,1336,16.409015041397318,19.42621516101198
3,exterior,1337,16.409015180909734,19.42621613596843
3,exterior,1338,16.409015223839745,19.42621711992006
3,exterior,1339,16.40059375574706,20.913631311632606
3,exterior,1340,16.400593765991175,20.91363154642673
3,exterior,1341,16.400594000723522,20.91363155800006
3,exterior,1342,18.138796907503373,20.913631858736327
3,exterior,1343,18.138797891520237,20.913631907268726
3,exterior,1344,18.13879886598578,20.913632052394508
3,exterior,1345,18.138799821441403,20.913632292705014
3,exterior,1346,18.13880074861303,20.913632625867688
3,exterior,1347,18.13880163850111,20.9136330486487
3,exterior,1348,18.138802482468005,20.913633556944347
3,exterior,1349,18.13880327232179,20.913634145820893
3,exterior,1350,18.138804000395794,20.913634809562435
3,exterior,1351,18.138804659623002,20.9136355417264
3,exterior,1352,18.138805243604665,20.91363633520608
3,exterior,1353,18.138805746672396,20.913637182299606
3,exterior,1354,18.138806163943194,20.913638074784714
3,exterior,1355,18.138806491366843,20.913639003998544
3,exterior,1356,18.138806725765225,20.91363996092173
3,exterior,1357,18.13880686486316,20.913640936265953
3,exterior,1358,18.138806907310506,20.913641920564082
3,exterior,1359,18.129610405537978,22.401052502787753
3,exterior,1360,18.129610415666523,22.401052737655416
3,exterior,1361,18.129610650467047,22.401052749235944
3,exterior,1362,19.932003288476963,22.40105308215531
3,exterior,1363,19.93200352327753,22.401053070574868
3,exterior,1364,19.93200353340617,22.40105283570719
3,exterior,1365,19.922807641050277,20.913641685244162
3,exterior,1366,19.92280768349802,20.91364070094609
3,exterior,1367,19.92280782259635,20.913639725601968
3,exterior,1368,19.922808056995105,20.913638768678915
3,exterior,1369,19.92280838441911,20.913637839465252
3,exterior,1370,19.92280880169024,20.913636946980347
3,exterior,1371,19.92280930475828,20.91363609988705
3,exterior,1372,19.922809888740225,20.913635306407627
3,exterior,1373,19.922810547967686,20.913634574243943
3,exterior,1374,19.92281127604191,20.913633910502703
3,exterior,1375,19.92281206589588,20.91363332162648
3,exterior,1376,19.922812909862927,20.913632813331162
3,exterior,1377,19.922813799751125,20.913632390550493
3,exterior,1378,19.922814726922834,20.913632057388167
3,exterior,1379,19.9228156823785,20.91363181707801
3,exterior,1380,19.922816656844052,20.91363167195258
3,exterior,1381,19.922817640860895,20.913631623420525
3,exterior,1382,21.310603074874628,20.913631863529094
3,exterior,1383,21.310604058891492,20.913631912061494
3,exterior,1384,21.310605033357035,20.913632057187275
3,exterior,1385,21.310605988812657,20.91363229749778
3,exterior,1386,21.310606915984284,20.913632630660455
3,exterior,1387,21.310607805872365,20.913633053441465
3,exterior,1388,21.31060864983926,20.913633561737115
3,exterior,1389,21.310609439693046,20.91363415061366
3,exterior,1390,21.31061016776705,20.913634814355202
3,exterior,1391,21.310610826994257,20.913635546519167
3,exterior,1392,21.31061141097592,20.913636339998845
3,exterior,1393,21.31061191404365,20.913637187092373
3,exterior,1394,21.31061233131445,20.91363807957748
3,exterior,1395,21.310612658738098,20.91363900879131
3,exterior,1396,21.31061289313648,20.9136399657145
3,exterior,1397,21.310613032234414,20.91364094105872
3,exterior,1398,21.31061307468176,20.91364192535685
3,exterior,1399,21.301416572938866,22.40105250278775
3,exterior,1400,21.30141658306741,22.401052737655412
3,exterior,1401,21.301416817867935,22.40105274923594
3,exterior,1402,23.10380945587785,22.401053082155308
3,exterior,1403,23.103809701134654,22.40105307005916
3,exterior,1404,23.103809760871382,22.401053061162674
3,exterior,1405,23.103810420209776,22.401052923841636
3,exterior,1406,23.10381123509832,22.401052822935263
3,exterior,1407,23.103812055518333,22.401052789224142
3,exterior,1408,23.205856518099086,22.40105280807274
3,exterior,1409,23.20585750245543,22.401052856638724
3,exterior,1410,23.205858477250544,22.40105300186459
3,exterior,1411,23.205859433016087,22.401053242339728
3,exterior,1412,23.205860360468556,22.401053575728366
3,exterior,1413,23.205861250599455,22.40105399879225
3,exterior,1414,23.2058620947628,22.40105450742209
3,exterior,1415,23.205862884759096,22.401055096677485
3,exterior,1416,23.205863612914982,22.4010557608349
3,exterior,1417,23.205864272157765,22.401056493443267
3,exterior,1418,23.20586485608411,22.401057287386646
3,exterior,1419,23.205865359022248,22.401058134953338
3,exterior,1420,23.205865776087062,22.401059027910787
3,exterior,1421,23.205866103227535,22.401059957585556
3,exterior,1422,23.205866337266098,22.401060914947568
3,exterior,1423,23.205866475929493,22.401061890697804
3,exterior,1424,23.205866517870867,22.401062875358654
3,exterior,1425,23.195858138192982,23.888469753154066
3,exterior,1426,23.195858148200386,23.88846998809862
3,exterior,1427,23.195858383072274,23.888469999686688
3,exterior,1428,25.01836659116325,23.88847035740712
3,exterior,1429,25.018366835902533,23.888470345332316
3,exterior,1430,25.018366840379926,23.888470344205782
3,exterior,1431,25.018367644509006,23.888470176669426
3,exterior,1432,25.018368459675155,23.888470075693387
3,exterior,1433,25.01836928037851,23.88847004195895
3,exterior,1434,26.62550944830611,23.888470357407115
3,exterior,1435,26.625509683178063,23.88847034581914
3,exterior,1436,26.625509693185567,23.888470110874593
3,exterior,1437,26.615501978432793,22.401062919287234
3,exterior,1438,26.6155020203746,22.401061934626455
3,exterior,1439,26.61550215903842,22.401060958876325
3,exterior,1440,26.61550239307739,22.401060001514463
3,exterior,1441,26.615502720218245,22.40105907183988
3,exterior,1442,26.61550313728342,22.401058178882653
3,exterior,1443,26.615503640221892,22.401057331316217
3,exterior,1444,26.615504224148538,22.401056537373123
3,exterior,1445,26.615504883391587,22.40105580476506
3,exterior,1446,26.615505611547707,22.401055140607976
3,exterior,1447,26.6155064015442,22.401054551352928
3,exterior,1448,26.615507245707704,22.401054042723448
3,exterior,1449,26.615508135838724,22.401053619659933
3,exterior,1450,26.615509063291274,22.40105328627167
3,exterior,1451,26.615510019056863,22.40105304579691
3,exterior,1452,26.615510993851984,22.401052900571422
3,exterior,1453,26.615511978208296,22.401052852005805
3,exterior,1454,27.86151870697917,22.401053082155308
3,exterior,1455,27.861518941779735,22.401053070574864
3,exterior,1456,27.861518951908376,22.401052835707187
3,exterior,1457,27.851216805452296,20.73470802441206
3,exterior,1458,27.851216792600688,20.73470779130735
3,exterior,1459,27.85121655942098,20.734707779897086
3,exterior,1460,27.615811015889694,20.734707739501278
3,exterior,1461,27.61581003923979,20.734707691694584
3,exterior,1462,27.615809071927952,20.734707548731937
3,exterior,1463,27.615808123202942,20.734707311980237
3,exterior,1464,27.61580720213581,20.73470698370315
3,exterior,1465,27.615806317533156,20.734706567039424
3,exterior,1466,27.615805477852938,20.734706065972915
3,exterior,1467,27.6158046911236,20.73470548529447
3,exterior,1468,27.615803964867293,20.73470483055613
3,exterior,1469,27.61580330602798,20.734704108018054
3,exterior,1470,27.615802720905027,20.734703324588644
3,exterior,1471,27.615802215092966,20.73470248775851
3,exterior,1472,27.615801793428023,20.73470160552884
3,exterior,1473,27.61580145994187,20.7347006863349
3,exterior,1474,27.615801217823066,20.734699738965386
3,exterior,1475,27.61580106938658,20.734698772478385
3,exterior,1476,27.615801016051666,20.734697796114776
3,exterior,1477,27.608393129515385,19.426216915486762
3,exterior,1478,27.608393172445766,19.426215931535182
3,exterior,1479,27.608393311958537,19.426214956578818
3,exterior,1480,27.608393546700423,19.42621400007478
3,exterior,1481,27.608393874394416,19.426213071301195
3,exterior,1482,27.60839429186187,19.4262121792672
3,exterior,1483,27.608394795053343,19.426211332625556
3,exterior,1484,27.60839537908785,19.426210539588723
3,exterior,1485,27.608396038300242,19.426209807849183
3,exterior,1486,27.608396766296128,19.426209144504842
3,exterior,1487,27.608397556013923,19.42620855599016
3,exterior,1488,27.608398399793337,19.426208048013756
3,exterior,1489,27.608399289449675,19.426207625503018
3,exterior,1490,27.608400216353242,19.426207292556313
3,exterior,1491,27.608401171513034,19.42620705240324
3,exterior,1492,27.608402145663966,19.42620690737329
3,exterior,1493,27.60840312935674,19.426206858873265
3,exterior,1494,28.935404746338218,19.426207072792455
3,exterior,1495,28.935404981005288,19.426207061226087
3,exterior,1496,28.935404991360073,19.426206826502384
3,exterior,1497,28.926802340027287,17.759854421730516
3,exterior,1498,28.926802327398725,17.75985418847893
3,exterior,1499,28.926802094085076,17.75985417705466
3,exterior,1500,28.6860652982923,17.75985414146298
3,exterior,1501,28.686064321034088,17.759854093596598
3,exterior,1502,28.68606335313143,17.75985395045597
3,exterior,1503,28.686062403850293,17.75985371341142
3,exterior,1504,28.68606148227838,17.759853384732235
3,exterior,1505,28.68606059723813,17.75985296756494
3,exterior,1506,28.686059757202248,17.759852465903183
3,exterior,1507,28.68605897021261,17.759851884549494
3,exterior,1508,28.686058243803267,17.75985122906932
3,exterior,1509,28.686057584928307,17.75985050573773
3,exterior,1510,28.686056999895307,17.759849721479366
3,exterior,1511,28.686056494304935,17.759848883802114
3,exterior,1512,28.68605607299733,17.759848000725277
3,exterior,1513,28.686055740005777,17.759847080702766
3,exterior,1514,28.686055498518083,17.759846132542183
3,exterior,1515,28.686055350846075,17.759845165320503
3,exterior,1516,28.68605529840345,17.759844188297183
3,exterior,1517,28.679927040226904,16.4513579347151
3,exterior,1518,28.679927084062253,16.451356951414517
3,exterior,1519,28.67992722435202,16.451355977186434
3,exterior,1520,28.679927459737076,16.45135502146919
3,exterior,1521,28.679927787937004,16.45135409352179
3,exterior,1522,28.6799282057722,16.451353202334197
3,exterior,1523,28.679928709194673,16.451352356540255
3,exterior,1524,28.679929293327252,16.45135156433403
3,exterior,1525,28.679929952510854,16.451350833390425
3,exterior,1526,28.6799306803593,16.451350170790835
3,exterior,1527,28.67993146982118,16.451349582954535
3,exterior,1528,28.679932313248177,16.451349075576495
3,exterior,1529,28.679933202469154,16.451348653572197
3,exterior,1530,28.679934128869327,16.451348321030025
3,exterior,1531,28.679935083473715,16.45134808117166
3,exterior,1532,28.679936057034094,16.451347936320843
3,exterior,1533,28.679937040118602,16.4513478878809
3,exterior,1534,30.099495359498547,16.45134808273722
3,exterior,1535,30.099495594042594,16.451348071183823
3,exterior,1536,30.09949560460569,16.451347836593133
3,exterior,1537,30.09246027877782,14.784989259200472
3,exterior,1538,30.092460266355207,14.78498902581369
3,exterior,1539,30.092460032918055,14.784989014376503
3,exterior,1540,29.844791276586445,14.784988983742364
3,exterior,1541,29.844790298763815,14.784988935820564
3,exterior,1542,29.844789330312974,14.784988792514701
3,exterior,1543,29.844788380515887,14.784988555198272
3,exterior,1544,29.844787458475725,14.78498822614579
3,exterior,1545,29.84478657302963,14.78498780851101
3,exterior,1546,29.844785732664015,14.784987306296683
3,exterior,1547,29.844784945433226,14.784986724316198
3,exterior,1548,29.84478421888235,14.784986068147454
3,exterior,1549,29.844783559974893,14.784985344079391
3,exterior,1550,29.844782975026046,14.78498455905172
3,exterior,1551,29.844782469642155,14.784983720588412
3,exterior,1552,29.84478204866699,14.78498283672558
3,exterior,1553,29.844781716135312,14.784981915934463
3,exterior,1554,29.844781475234225,14.784980967040232
3,exterior,1555,29.844781328272603,14.784979999137407
3,exterior,1556,29.844781276658974,14.784979021502695
3,exterior,1557,29.839164667268314,13.29755307718599
3,exterior,1558,29.83916465494342,13.29755284373517
3,exterior,1559,29.839164421447723,13.297552832291858
3,exterior,1560,28.197934187582163,13.297552649321966
3,exterior,1561,28.197933209490692,13.29755260137376
3,exterior,1562,28.19793224077876,13.297552457989163
3,exterior,1563,28.197931290735937,13.297552220543178
3,exterior,1564,28.19793036847278,13.297551891312823
3,exterior,1565,28.19792948283344,13.297551473455293
3,exterior,1566,28.19792864231086,13.29755097097768
3,exterior,1567,28.197927854965336,13.297550388698555
3,exterior,1568,28.197927128347207,13.297549732201754
3,exterior,1569,28.197926469424466,13.297549007782829
3,exterior,1570,28.197925884515932,13.297548222388684
3,exterior,1571,28.197925379230654,13.297547383550949
3,exterior,1572,28.19792495841413,13.29754649931376
3,exterior,1573,28.197924626101823,13.297545578156614
3,exterior,1574,28.197924385480487,13.297544628913057
3,exterior,1575,28.19792423885759,13.297543660685976
3,exterior,1576,28.197924187639185,13.297542682760298
3,exterior,1577,28.19354878378602,11.989050499757044
3,exterior,1578,28.19354882885907,11.989049517349553
3,exterior,1579,28.193548970211257,11.989048544120077
3,exterior,1580,28.193549206475485,11.989047589481261
3,exterior,1581,28.19354953536671,11.989046662665952
3,exterior,1582,28.193549953704043,11.989045772637901
3,exterior,1583,28.193550457441507,11.989044928005068
3,exterior,1584,28.193551041707178,11.989044136936371
3,exterior,1585,28.19355170085029,11.98904340708268
3,exterior,1586,28.193552428495902,11.989042745502816
3,exterior,1587,28.19355321760655,11.989042158595291
3,exterior,1588,28.193554060550298,11.989041652036416
3,exterior,1589,28.193554949174565,11.989041230725405
3,exterior,1590,28.193555874884968,11.989040898736995
3,exterior,1591,28.193556828728443,11.98904065928203
3,exterior,1592,28.193557801479834,11.989040514676416
3,exterior,1593,28.19355878373112,11.989040466318713
3,exterior,1594,29.470985255930795,11.98904059493348
3,exterior,1595,29.470985490304844,11.989040583397978
3,exterior,1596,29.470985501155102,11.989040348991265
3,exterior,1597,29.466113705807455,10.322674852295505
3,exterior,1598,29.46611369366952,10.322674618722445
3,exterior,1599,29.466113460061944,10.322674607267414
3,exterior,1600,29.346913179019555,10.322674596914514
3,exterior,1601,29.346912200411705,10.322674548915568
3,exterior,1602,29.346911231198277,10.32267440537968
3,exterior,1603,29.346910280683495,10.322674167684758
3,exterior,1604,29.34690935799209,10.322673838112623
3,exterior,1605,29.346908471981685,10.32267341982709
3,exterior,1606,29.34690763115778,10.322672916843608
3,exterior,1607,29.346906843592095,10.322672333990699
3,exterior,1608,29.346906116845076,10.322671676863623
3,exterior,1609,29.34690545789333,10.322670951770647
3,exterior,1610,29.346904873062652,10.3226701656725
3,exterior,1611,29.346904367967273,10.322669326115545
3,exterior,1612,29.346903947455996,10.322668441159337
3,exterior,1613,29.346903615565637,10.322667519299255
3,exterior,1614,29.346903375482267,10.322666569384944
3,exterior,1615,29.346903229510627,10.322665600535368
3,exterior,1616,29.346903179052013,10.322664622051258
3,exterior,1617,29.34338747433016,8.924037346379313
3,exterior,1618,29.340435607492836,7.526726658684382
3,exterior,1619,29.34043565370155,7.526725677099166
3,exterior,1620,29.340435796028313,7.526724704788581
3,exterior,1621,29.340436033098758,7.526723751141693
3,exterior,1622,29.340436362623624,7.526722825367345
3,exterior,1623,29.340436781420873,7.5267219364052265
3,exterior,1624,29.34043728544641,7.526721092839556
3,exterior,1625,29.340437869833135,7.526720302816179
3,exterior,1626,29.340438528937955,7.526719573963917
3,exterior,1627,29.34043925639625,7.526718913320893
3,exterior,1628,29.34044004518337,7.526718327266573
3,exterior,1629,29.340440887682423,7.526717821460158
3,exterior,1630,29.34044177575786,7.526717400785943
3,exterior,1631,29.340442700834032,7.526717069306145
3,exterior,1632,29.34044365397799,7.526716830221683
3,exterior,1633,29.340444625985747,7.526716685841262
3,exterior,1634,29.340445607471157,7.526716637559086
3,exterior,1635,30.71591855949955,7.526716724886903
3,exterior,1636,30.71591879371576,7.526716713368003
3,exterior,1637,30.715918804832114,7.526716479132341
3,exterior,1638,30.71305483229493,5.860346555499275
3,exterior,1639,30.713054820421593,5.8603463217536795
3,exterior,1640,30.713054586655975,5.860346310282086
3,exterior,1641,30.58964679438734,5.86034630417473
3,exterior,1642,30.589645815043678,5.860346256103439
3,exterior,1643,30.589644845115675,5.860346112351832
3,exterior,1644,30.58964389392846,5.860345874301972
3,exterior,1645,30.58964297062698,5.86034554424253
3,exterior,1646,30.58964208408809,5.86034512534678
3,exterior,1647,30.589641242835192,5.860344621642089
3,exterior,1648,30.5896404549563,5.8603440379712
3,exterior,1649,30.589639728026278,5.86034337994567
3,exterior,1650,30.589639069034014,5.8603426538919186
3,exterior,1651,30.58963848431522,5.8603418667904075
3,exterior,1652,30.58963797949153,5.860341026208528
3,exterior,1653,30.589637559416445,5.860340140227841
3,exterior,1654,30.58963722812867,5.860339217366386
3,exterior,1655,30.589636988813286,5.8603382664967825
3,exterior,1656,30.589636843771135,5.860337296760927
3,exterior,1657,30.589636794396686,5.860336317482101
3,exterior,1658,30.587775999595987,4.462018697284666
3,exterior,1659,30.586367011835257,2.974679085141487
3,exterior,1660,30.585472859274873,1.3980106039547493
3,exterior,1661,30.58547284765479,1.3980103700446442
3,exterior,1662,30.58547261373815,1.3980103585572097
3,exterior,1663,30.463080163422198,1.3980103571098816
3,exterior,1664,30.46307918336825,1.3980103089687044
3,exterior,1665,30.463078212750492,1.3980101650087104
3,exterior,1666,30.463077260914257,1.3980099266159802
3,exterior,1667,30.463076337024045,1.398009596085814
3,exterior,1668,30.46307544997529,1.3980091766006342
3,exterior,1669,30.4630746083087,1.398008672199341
3,exterior,1670,30.463073820128038,1.398008087738428
3,exterior,1671,30.463073093022093,1.3980074288452211
3,exterior,1672,30.463072433991613,1.398006701863698
3,exterior,1673,30.46307184938189,1.3980059137934058
3,exterior,1674,30.463071344821685,1.3980050722220692
3,exterior,1675,30.463070925169028,1.3980041852525333
3,exterior,1676,30.463070594464423,1.3980032614247475
3,exterior,1677,30.463070355891976,1.3980023096335412
3,exterior,1678,30.463070211748718,1.3980013390429817
3,exterior,1679,30.463070163422493,1.3980003589981416
3,exterior,1680,30.46278929686337,-0.08943539744008826
3,exterior,1681,30.462789285326554,-0.08943563140410897
3,exterior,1682,30.46278905136032,-0.08943564289674875
3,exterior,1683,28.981351592776615,-0.08943564177591919
3,exterior,1684,28.981350612487763,-0.08943568994022012
3,exterior,1685,28.9813496416419,-0.08943583396916432
3,exterior,1686,28.98134868959104,-0.0894360724753411
3,exterior,1687,28.98134776550616,-0.08943640316125379
3,exterior,1688,28.981346878288846,-0.08943682284145113
3,exterior,1689,28.981346036485533,-0.08943732747321244
3,exterior,1690,28.981345248205198,-0.08943791219549042
3,exterior,1691,28.98134452104123,-0.08943857137573706
3,exterior,1692,28.9813438619983,-0.08943929866416109
3,exterior,1693,28.98134327742488,-0.08944008705489473
3,exterior,1694,28.981342772952082,-0.08944092895348014
3,exterior,1695,28.981342353439423,-0.08944181625002585
3,exterior,1696,28.981342022928008,-0.08944274039732818
3,exterior,1697,28.981341784601604,-0.0894436924932052
3,exterior,1698,28.981341640755982,-0.08944466336625037
3,exterior,1699,28.981341592776786,-0.0894456436641792
3,exterior,1700,28.981622459326186,-1.5768813860818645
3,exterior,1701,28.98162244787253,-1.5768816200997835
3,exterior,1702,28.9816222138568,-1.5768816315976204
3,exterior,1703,27.61037769385782,-1.576881613308017
3,exterior,1704,27.610376713333668,-1.5768816614954861
3,exterior,1705,27.610375742259315,-1.576881805593513
3,exterior,1706,27.610374789993482,-1.5768820442133535
3,exterior,1707,27.61037386571363,-1.5768823750553098
3,exterior,1708,27.6103729783275,-1.576882794930894
3,exterior,1709,27.61037213638728,-1.576883299793556
3,exterior,1710,27.61037134800716,-1.5768838847776843
3,exterior,1711,27.61037062078515,-1.5768845442454962
3,exterior,1712,27.610369961729855,-1.5768852718413728
3,exterior,1713,27.61036937719291,-1.5768860605531119
3,exterior,1714,27.610368872807797,-1.5768869027795065
3,exterior,1715,27.610368453435516,-1.576887790403603
3,exterior,1716,27.610368123117777,-1.5768887148709272
3,exterior,1717,27.610367885038006,-1.5768896672719286
3,exterior,1718,27.6103677414907,-1.5768906384278456
3,exterior,1719,27.610367693859295,-1.576891618979167
3,exterior,1720,27.611211240998383,-3.064327149641153
3,exterior,1721,27.611211229628076,-3.0643273837129685
3,exterior,1722,27.61121099556276,-3.064327395216013
3,exterior,1723,26.12365202970128,-3.064327356672851
3,exterior,1724,26.123651048940637,-3.064327404883611
3,exterior,1725,26.12365007763664,-3.0643275490510877
3,exterior,1726,26.123649125154753,-3.0643277877851944
3,exterior,1727,26.123648200678957,-3.06432811878402
3,exterior,1728,26.123647313123197,-3.0643285388560213
3,exterior,1729,26.12364647104542,-3.064329043950799
3,exterior,1730,26.123645682565073,-3.0643296291981486
3,exterior,1731,26.12364495528481,-3.064330288955024
3,exterior,1732,26.12364429621718,-3.064331016859945
3,exterior,1733,26.123643711717015,-3.064331805894339
3,exterior,1734,26.12364320742016,-3.064332648450212
3,exterior,1735,26.123642788189123,-3.0643335364035074
3,exterior,1736,26.123642458066197,-3.06433446119244
3,exterior,1737,26.123642220234476,-3.06433541390005
3,exterior,1738,26.123642076987178,-3.0643363853401806
3,exterior,1739,26.123642029705508,-3.0643373661460536
3,exterior,1740,26.125051107753528,-4.551772474571587
3,exterior,1741,26.12505109646703,-4.551772708697563
3,exterior,1742,26.12505086235189,-4.55177272020584
3,exterior,1743,24.637448843666817,-4.5517726629848445
3,exterior,1744,24.637448295066214,-4.551772678044293
3,exterior,1745,24.63744752769407,-4.551772720205839
3,exterior,1746,23.149845537881703,-4.5517726629848445
3,exterior,1747,23.1498449892811,-4.551772678044293
3,exterior,1748,23.149844221908957,-4.551772720205839
3,exterior,1749,21.66224223209661,-4.5517726629848445
3,exterior,1750,21.66224168349601,-4.551772678044293
3,exterior,1751,21.662240916123878,-4.551772720205838
3,exterior,1752,20.174682311598836,-4.5517726629865125
3,exterior,1753,20.174681330599704,-4.551772711220766
3,exterior,1754,20.17468035906413,-4.551772855458296
3,exterior,1755,20.174679406364376,-4.551773094307661
3,exterior,1756,20.174678481691004,-4.551773425464716
3,exterior,1757,20.17467759396421,-4.551773845734836
3,exterior,1758,20.17467675174776,-4.551774351063734
3,exterior,1759,20.174675963166404,-4.551774936576574
3,exterior,1760,20.174675235827475,-4.551775596624996
3,exterior,1761,20.174674576747506,-4.551776324841607
3,exterior,1762,20.17467399228455,-4.551777114201405
3,exterior,1763,20.174673488076834,-4.551777957089548
3,exterior,1764,20.174673068988383,-4.551778845374811
3,exterior,1765,20.174672739062082,-4.551779770488034
3,exterior,1766,20.174672501480686,-4.5517807235047805
3,exterior,1767,20.174672358536103,-4.5517816952314325
3,exterior,1768,20.174672311607306,-4.551782676293881
3,exterior,1769,20.176413579832797,-5.860280781766341
3,exterior,1770,20.176413629207246,-5.860281761045167
3,exterior,1771,20.176413774249397,-5.860282730781022
3,exterior,1772,20.17641401356478,-5.8602836816506265
3,exterior,1773,20.176414344852557,-5.860284604512081
3,exterior,1774,20.17641476492764,-5.860285490492768
3,exterior,1775,20.17641526975133,-5.860286331074649
3,exterior,1776,20.17641585447012,-5.860287118176159
3,exterior,1777,20.17641651346239,-5.8602878442299104
3,exterior,1778,20.17641724039241,-5.860288502255441
3,exterior,1779,20.1764180282713,-5.860289085926331
3,exterior,1780,20.176418869524202,-5.860289589631022
3,exterior,1781,20.17641975606309,-5.860290008526772
3,exterior,1782,20.17642067936457,-5.860290338586214
3,exterior,1783,20.176421630551786,-5.860290576636074
3,exterior,1784,20.17642260047979,-5.860290720387681
3,exterior,1785,20.17642357982345,-5.860290768458972
3,exterior,1786,20.256622956245796,-5.860290772427939
3,exterior,1787,20.256623190011414,-5.860290783899533
3,exterior,1788,20.25662320188475,-5.86029101764513
3,exterior,1789,20.259487173770196,-7.526660941278751
3,exterior,1790,20.25948716265384,-7.526661175514411
3,exterior,1791,20.25948692843763,-7.52666118703331
3,exterior,1792,18.765712535491808,-7.526661092195308
3,exterior,1793,18.765711799042684,-7.5266611193499955
3,exterior,1794,18.765711344131336,-7.5266611698543375
3,exterior,1795,18.76571099482768,-7.52666118703331
3,exterior,1796,17.271936601881844,-7.52666109219531
3,exterior,1797,17.271935865432724,-7.526661119349997
3,exterior,1798,17.271935410521394,-7.5266611698543375
3,exterior,1799,17.271935061217725,-7.52666118703331
3,exterior,1800,15.778160668271893,-7.52666109219531
3,exterior,1801,15.778159931822776,-7.526661119349996
3,exterior,1802,15.77815947691143,-7.526661169854338
3,exterior,1803,15.778159127607776,-7.52666118703331
3,exterior,1804,14.340445490504933,-7.526661095754542
3,exterior,1805,14.340444509019523,-7.526661144036718
3,exterior,1806,14.340443537011767,-7.526661288417139
3,exterior,1807,14.340442583867812,-7.526661527501601
3,exterior,1808,14.34044165879164,-7.526661858981399
3,exterior,1809,14.3404407707162,-7.526662279655614
3,exterior,1810,14.34043992821715,-7.526662785462029
3,exterior,1811,14.340439139430032,-7.5266633715163485
3,exterior,1812,14.340438411971734,-7.526664032159372
3,exterior,1813,14.340437752866915,-7.5266647610116335
3,exterior,1814,14.340437168480188,-7.526665551035009
3,exterior,1815,14.340436664454652,-7.52666639460068
3,exterior,1816,14.340436245657404,-7.526667283562797
3,exterior,1817,14.340435916132538,-7.526668209337145
3,exterior,1818,14.340435679062093,-7.5266691629840325
3,exterior,1819,14.340435536735328,-7.526670135294617
3,exterior,1820,14.340435490526612,-7.526671116879832
3,exterior,1821,14.343577741959392,-9.01410363927117
3,exterior,1822,14.343577730929972,-9.01410387356279
3,exterior,1823,14.343577496662183,-9.014103885087113
3,exterior,1824,12.843579165793976,-9.014103771176293
3,exterior,1825,12.843578429160738,-9.01410379834457
3,exterior,1826,12.843577768421602,-9.014103871718465
3,exterior,1827,12.843577496662155,-9.014103885087113
3,exterior,1828,11.343579165793981,-9.014103771176295
3,exterior,1829,11.343578429160745,-9.014103798344571
3,exterior,1830,11.34357776842165,-9.014103871718461
3,exterior,1831,11.343577496662183,-9.014103885087112
3,exterior,1832,9.84362389840518,-9.01410377117969
3,exterior,1833,9.843622916670256,-9.014103819486465
3,exterior,1834,9.843621944420228,-9.014103963940231
3,exterior,1835,9.843620991048365,-9.014104203145369
3,exterior,1836,9.843620065765544,-9.014104534790825
3,exterior,1837,9.843619177511266,-9.014104955672453
3,exterior,1838,9.843618334867283,-9.01410546172396
3,exterior,1839,9.843617545974693,-9.014106048056192
3,exterior,1840,9.843616818455276,-9.014106709004379
3,exterior,1841,9.843616159337868,-9.014107438182855
3,exterior,1842,9.843615574990446,-9.014108228546755
3,exterior,1843,9.843615071058608,-9.014109072460085
3,exterior,1844,9.843614652411024,-9.014109961769485
3,exterior,1845,9.843614323092403,-9.014110887883005
3,exterior,1846,9.843614086284415,-9.014111841853122
3,exterior,1847,9.84361394427495,-9.014112814463177
3,exterior,1848,9.843613898436013,-9.014113796316424
3,exterior,1849,9.847352826812225,-10.501545008548073
3,exterior,1850,9.847352815871394,-10.501545242896672
3,exterior,1851,9.847352581551059,-10.501545254426524
3,exterior,1852,8.378780573120336,-10.501545124691072
3,exterior,1853,8.37877959113044,-10.501545173022992
3,exterior,1854,8.378778618632847,-10.501545317551727
3,exterior,1855,8.378777665028103,-10.50154555688021
3,exterior,1856,8.378776739534137,-10.50154588869499
3,exterior,1857,8.378775851097146,-10.501546309788614
3,exterior,1858,8.378775008305118,-10.501546816090624
3,exterior,1859,8.378774219304818,-10.501547402706898
3,exterior,1860,8.378773491723038,-10.501548063966972
3,exterior,1861,8.37877283259288,-10.501548793478836
3,exterior,1862,8.378772248285756,-10.50154958419074
3,exterior,1863,8.378771744449816,-10.501550428459343
3,exterior,1864,8.37877132595534,-10.501551318123607
3,exterior,1865,8.378770996847663,-10.501552244583678
3,exterior,1866,8.378770760308072,-10.501553198884023
3,exterior,1867,8.378770618623053,-10.501554171799993
3,exterior,1868,8.37877057316219,-10.50155515392699
3,exterior,1869,8.383119229041117,-11.988984811286258
3,exterior,1870,8.383119218190858,-11.988985045693003
3,exterior,1871,8.38311898381681,-11.988985057228502
3,exterior,1872,6.8768447563584605,-11.98898490557341
3,exterior,1873,6.876844019346063,-11.98898493276968
3,exterior,1874,6.876843286342468,-11.988985014210716
3,exterior,1875,6.876843077943876,-11.988985045182085
3,exterior,1876,6.876842833189213,-11.988985057228502
3,exterior,1877,5.3705686057308615,-11.98898490557341
3,exterior,1878,5.370567868718464,-11.98898493276968
3,exterior,1879,5.370567135714869,-11.988985014210716
3,exterior,1880,5.370566927316277,-11.988985045182085
3,exterior,1881,5.370566682561614,-11.988985057228502
3,exterior,1882,3.8897611305198705,-11.988984908137654
3,exterior,1883,3.889760148268586,-11.988984956495358
3,exterior,1884,3.8897591755171943,-11.988985101100972
3,exterior,1885,3.88975822167372,-11.988985340555937
3,exterior,1886,3.8897572959633173,-11.988985672544345
3,exterior,1887,3.8897564073390507,-11.988986093855354
3,exterior,1888,3.889755564395304,-11.98898660041423
3,exterior,1889,3.8897547752846577,-11.988987187321753
3,exterior,1890,3.8897540476390438,-11.988987848901616
3,exterior,1891,3.889753388495931,-11.988988578755306
3,exterior,1892,3.8897528042302616,-11.988989369824
3,exterior,1893,3.8897523004927965,-11.988990214456832
3,exterior,1894,3.889751882155463,-11.988991104484882
3,exterior,1895,3.889751553264236,-11.988992031300189
3,exterior,1896,3.889751317000007,-11.988992985939005
3,exterior,1897,3.8897511756478194,-11.98899395916848
3,exterior,1898,3.88975113057477,-11.98899494157597
3,exterior,1899,3.894724866635326,-13.476422800767066
3,exterior,1900,3.8947248558779637,-13.476423035233406
3,exterior,1901,3.8947246214488875,-13.476423046774697
3,exterior,1902,2.3822230106938624,-13.47642287592946
3,exterior,1903,2.38222202817375,-13.476422924313688
3,exterior,1904,2.382221055161344,-13.476423068998391
3,exterior,1905,2.382220101072357,-13.47642330858347
3,exterior,1906,2.3822191751393826,-13.476423640750495
3,exterior,1907,2.3822182863225523,-13.476424062285128
3,exterior,1908,2.3822174432228285,-13.476424569108234
3,exterior,1909,2.382216653998776,-13.476425156315354
3,exterior,1910,2.382215926287613,-13.47642581822416
3,exterior,1911,2.382215267131303,-13.47642654842945
3,exterior,1912,2.382214682908415,-13.47642733986512
3,exterior,1913,2.3822141792723976,-13.476428184872557
3,exterior,1914,2.382213761096869,-13.476429075274732
3,exterior,1915,2.3822134324284594,-13.476430002455341
3,exterior,1916,2.3822131964476494,-13.47643095744218
3,exterior,1917,2.382213055437994,-13.476431930993966
3,exterior,1918,2.382213010764025,-13.47643291368977
3,exterior,1919,2.3878296168910236,-14.963858719817738
3,exterior,1920,2.387829606229253,-14.963858954345305
3,exterior,1921,2.3878293717436074,-14.963858965892555
3,exterior,1922,0.8624078300217323,-14.963858774982388
3,exterior,1923,0.8624070926108229,-14.9638588022081
3,exterior,1924,0.8624063592152278,-14.963858883737172
3,exterior,1925,0.8624058878160344,-14.96385895383314
3,exterior,1926,0.8624056429300432,-14.963858965892555
3,exterior,1927,359.33698410120803,-14.963858774982391
3,exterior,1928,359.3369833637972,-14.963858802208103
3,exterior,1929,359.33698263040156,-14.963858883737174
3,exterior,1930,359.33698215900233,-14.963858953833144
3,exterior,1931,359.3369819141164,-14.963858965892559
3,exterior,1932,357.81156037239464,-14.963858774982388
3,exterior,1933,357.8115596349838,-14.9638588022081
3,exterior,1934,357.81155890158817,-14.96385888373717
3,exterior,1935,357.81155843018894,-14.96385895383314
3,exterior,1936,357.811558185303,-14.963858965892555
3,exterior,1937,357.7855331984372,-14.963858962635465
3,exterior,1938,357.78553221563976,-14.963859011047068
3,exterior,1939,357.78553124235805,-14.963859155813388
3,exterior,1940,357.78553028801576,-14.963859395532747
3,exterior,1941,357.7855293618532,-14.963859727884099
3,exterior,1942,357.78552847283777,-14.963860149649504
3,exterior,1943,357.78552762957713,-14.96386065674528
3,exterior,1944,357.7855268402362,-14.963861244261558
3,exterior,1945,357.7855261124575,-14.963861906509795
3,exterior,1946,357.78552545328773,-14.96386263707788
3,exterior,1947,357.7855248691091,-14.963863428892196
3,exterior,1948,357.78552436557794,-14.963864274286127
3,exterior,1949,357.7855239475696,-14.963865165074276
3,exterior,1950,357.78552361913125,-14.963866092631724
3,exterior,1951,357.7855233834431,-14.963867047977539
3,exterior,1952,357.78552324278706,-14.963868021861733
3,exterior,1953,357.7855231985251,-14.963869004854825
3,exterior,1954,357.79180306048806,-16.451292299121206
3,exterior,1955,357.79180304992497,-16.451292533711904
3,exterior,1956,357.7918028153809,-16.4512925452653
3,exterior,1957,356.2533435507994,-16.451292334088674
3,exterior,1958,356.25334277894814,-16.451292363920786
3,exterior,1959,356.2533420117021,-16.451292453239336
3,exterior,1960,356.2533414874967,-16.45129253489248
3,exterior,1961,356.25334127691934,-16.4512925452653
3,exterior,1962,356.23358485136146,-16.451292542553436
3,exterior,1963,356.233583868277,-16.45129259099338
3,exterior,1964,356.23358289471656,-16.45129273584419
3,exterior,1965,356.2335819401122,-16.45129297570256
3,exterior,1966,356.233581013712,-16.45129330824473
3,exterior,1967,356.233580124491,-16.451293730249024
3,exterior,1968,356.23357928106407,-16.451294237627067
3,exterior,1969,356.23357849160215,-16.451294825463364
3,exterior,1970,356.2335777637537,-16.45129548806295
3,exterior,1971,356.23357710457014,-16.451296219006554
3,exterior,1972,356.2335765204375,-16.451297011212777
3,exterior,1973,356.2335760170151,-16.451297857006715
3,exterior,1974,356.23357559917986,-16.451298748194304
3,exterior,1975,356.23357527097994,-16.451299676141705
3,exterior,1976,356.23357503559487,-16.451300631858945
3,exterior,1977,356.2335748953051,-16.45130160608703
3,exterior,1978,356.23357485146977,-16.45130258938761
3,exterior,1979,356.24054113972363,-17.938723255370476
3,exterior,1980,356.2405411292627,-17.938723490026454
3,exterior,1981,356.24054089465824,-17.938723501586217
3,exterior,1982,354.69547886854286,-17.93872327093153
3,exterior,1983,354.69547804890095,-17.938723304578655
3,exterior,1984,354.6954772347748,-17.938723405293857
3,exterior,1985,354.6954770006809,-17.938723454001146
3,exterior,1986,354.6954767620016,-17.938723489512952
3,exterior,1987,354.69547651697576,-17.938723501586214
3,exterior,1988,353.1504144908604,-17.938723270931526
3,exterior,1989,353.1504136712185,-17.93872330457865
3,exterior,1990,353.1504128570923,-17.938723405293853
3,exterior,1991,353.15041262299843,-17.938723454001146
3,exterior,1992,353.1504123843191,-17.938723489512952
3,exterior,1993,353.1504121392933,-17.938723501586214
3,exterior,1994,353.0835799728446,-17.938723491609167
3,exterior,1995,353.08357898946207,-17.93872354007854
3,exterior,1996,353.0835780156124,-17.938723685017095
3,exterior,1997,353.08357706073593,-17.93872392501981
3,exterior,1998,353.0835761340891,-17.93872425776013
3,exterior,1999,353.0835752446548,-17.938724680012488
3,exterior,2000,353.08357440105516,-17.938725187683623
3,exterior,2001,353.08357361146784,-17.938725775852213
3,exterior,2002,353.0835728835471,-17.93872643881661
3,exterior,2003,353.0835722243493,-17.9387271701501
3,exterior,2004,353.08357164026467,-17.938727962763206
3,exterior,2005,353.0835711369553,-17.938728808972417
3,exterior,2006,353.0835707193001,-17.938729700574658
3,exterior,2007,353.0835703913479,-17.938730628926823
3,exterior,2008,353.08357015627774,-17.938731585029554
3,exterior,2009,353.08357001636847,-17.938732559614486
3,exterior,2010,353.0835699729763,-17.938733543234086
3,exterior,2011,353.0912488576297,-19.426151289239037
3,exterior,2012,353.09124884727487,-19.42615152396272
3,exterior,2013,353.09124861260784,-19.426151535529087
3,exterior,2014,351.53280948773283,-19.42615128430172
3,exterior,2015,351.53280866784223,-19.426151317969296
3,exterior,2016,351.5328078534724,-19.426151418745583
3,exterior,2017,351.53280747877795,-19.426151496731638
3,exterior,2018,351.5328072992658,-19.42615152344852
3,exterior,2019,351.53280705416626,-19.42615153552909
3,exterior,2020,349.97436792929113,-19.42615128430172
3,exterior,2021,349.97436710940053,-19.426151317969296
3,exterior,2022,349.9743662950306,-19.426151418745587
3,exterior,2023,349.9743659203363,-19.426151496731634
3,exterior,2024,349.9743657408241,-19.42615152344852
3,exterior,2025,349.97436549572456,-19.42615153552909
3,exterior,2026,348.41592637084966,-19.426151284301724
3,exterior,2027,348.41592555095906,-19.4261513179693
3,exterior,2028,348.41592473658915,-19.426151418745587
3,exterior,2029,348.41592436189484,-19.42615149673163
3,exterior,2030,348.41592418238264,-19.42615152344852
3,exterior,2031,348.4159239372831,-19.42615153552909
3,exterior,2032,348.307092774943,-19.42615151798502
3,exterior,2033,348.30709179125023,-19.426151566485046
3,exterior,2034,348.3070908170993,-19.426151711514994
3,exterior,2035,348.3070898619395,-19.426151951668064
3,exterior,2036,348.30708893503595,-19.42615228461477
3,exterior,2037,348.3070880453796,-19.426152707125507
3,exterior,2038,348.3070872016002,-19.42615321510191
3,exterior,2039,348.3070864118824,-19.426153803616586
3,exterior,2040,348.3070856838865,-19.426154466960924
3,exterior,2041,348.3070850246741,-19.42615519870046
3,exterior,2042,348.30708444063964,-19.42615599173729
3,exterior,2043,348.30708393744817,-19.426156838378926
3,exterior,2044,348.30708351998067,-19.42615773041292
3,exterior,2045,348.3070831922867,-19.426158659186502
3,exterior,2046,348.3070829575448,-19.426159615690537
3,exterior,2047,348.30708281803203,-19.426160590646898
3,exterior,2048,348.30708277510166,-19.426161574598474
3,exterior,2049,348.3155036777409,-20.913576083134945
3,exterior,2050,348.31550366749667,-20.913576317929074
3,exterior,2051,348.3155034327643,-20.913576329502323
3,exterior,2052,346.7434535472857,-20.913576057513815
3,exterior,2053,346.74345272713606,-20.91357609120269
3,exterior,2054,346.7434519125125,-20.9135761920426
3,exterior,2055,346.7434513960501,-20.913576299570167
3,exterior,2056,346.743451276194,-20.913576317414144
3,exterior,2057,346.7434510310175,-20.91357632950233
3,exterior,2058,345.1714011455389,-20.91357605751382
3,exterior,2059,345.17140032538936,-20.91357609120269
3,exterior,2060,345.17139951076575,-20.913576192042598
3,exterior,2061,345.1713989943034,-20.913576299570156
3,exterior,2062,345.1713988744472,-20.91357631741414
3,exterior,2063,345.17139862927075,-20.913576329502327
3,exterior,2064,343.59934874379223,-20.91357605751382
3,exterior,2065,343.5993479236427,-20.91357609120269
3,exterior,2066,343.5993471090191,-20.913576192042594
3,exterior,2067,343.5993465925568,-20.91357629957015
3,exterior,2068,343.5993464727006,-20.913576317414137
3,exterior,2069,343.5993462275241,-20.913576329502323
3,exterior,2070,343.4470463767634,-20.913576303152137
3,exterior,2071,343.4470453927466,-20.913576351684192
3,exterior,2072,343.44704441828105,-20.913576496809622
3,exterior,2073,343.4470434628254,-20.913576737119776
3,exterior,2074,343.4470425356537,-20.9135770702821
3,exterior,2075,343.44704164576547,-20.913577493062768
3,exterior,2076,343.44704080179844,-20.913578001358083
3,exterior,2077,343.44704001194447,-20.913578590234305
3,exterior,2078,343.44703928387025,-20.913579253975538
3,exterior,2079,343.4470386246428,-20.91357998613922
3,exterior,2080,343.4470380406608,-20.913580779618638
3,exterior,2081,343.4470375375928,-20.913581626711927
3,exterior,2082,343.4470371203217,-20.91358251919683
3,exterior,2083,343.4470367928976,-20.91358344841049
3,exterior,2084,343.4470365584989,-20.913584405333534
3,exterior,2085,343.44703641940055,-20.913585380677656
3,exterior,2086,343.4470363769528,-20.913586364975725
3,exterior,2087,343.45623226092016,-22.400997298701075
3,exterior,2088,343.4562322507915,-22.400997533568688
3,exterior,2089,343.4562320159909,-22.40099754514913
3,exterior,2090,341.87033153192846,-22.400997252218644
3,exterior,2091,341.8703307115084,-22.400997285929765
3,exterior,2092,341.8703298966198,-22.40099738683615
3,exterior,2093,341.8703292372861,-22.400997524156217
3,exterior,2094,341.8703291775475,-22.400997533052987
3,exterior,2095,341.87032893229065,-22.400997545149135
3,exterior,2096,341.6155116093225,-22.40099749808202
3,exterior,2097,341.6155106249662,-22.400997546647638
3,exterior,2098,341.6155096501711,-22.400997691873123
3,exterior,2099,341.6155086944055,-22.40099793234788
3,exterior,2100,341.61550776695293,-22.400998265736145
3,exterior,2101,341.61550687682194,-22.400998688799657
3,exterior,2102,341.6155060326584,-22.400999197429133
3,exterior,2103,341.6155052426619,-22.400999786684174
3,exterior,2104,341.6155045145058,-22.401000450841256
3,exterior,2105,341.6155038552628,-22.401001183449313
3,exterior,2106,341.61550327133614,-22.401001977392404
3,exterior,2107,341.6155027683976,-22.401002824958834
3,exterior,2108,341.61550235133245,-22.40100371791606
3,exterior,2109,341.6155020241916,-22.401004647590636
3,exterior,2110,341.6155017901526,-22.40100560495249
3,exterior,2111,341.6155016514888,-22.401006580702617
3,exterior,2112,341.615501609547,-22.401007565363393
3,exterior,2113,341.62550931480945,-23.88841457401739
3,exterior,2114,341.62550930480194,-23.888414808961922
3,exterior,2115,341.62550906993,-23.888414820549897
3,exterior,2116,340.0183689019996,-23.88841450510241
3,exterior,2117,340.01836808129633,-23.888414538836848
3,exterior,2118,340.01836726613016,-23.88841463981288
3,exterior,2119,340.0183664620011,-23.888414807349232
3,exterior,2120,340.0183664575264,-23.888414808475087
3,exterior,2121,340.0183662127871,-23.888414820549894
3,exterior,2122,338.4112260448569,-23.888414505102407
3,exterior,2123,338.41122522415355,-23.888414538836845
3,exterior,2124,338.41122440898744,-23.888414639812876
3,exterior,2125,338.4112236048584,-23.88841480734923
3,exterior,2126,338.4112236003836,-23.88841480847509
3,exterior,2127,338.4112233556443,-23.888414820549897
3,exterior,2128,336.804083187714,-23.88841450510241
3,exterior,2129,336.80408236701066,-23.888414538836848
3,exterior,2130,336.80408155184455,-23.88841463981288
3,exterior,2131,336.8040807477155,-23.888414807349232
3,exterior,2132,336.8040807432407,-23.88841480847509
3,exterior,2133,336.80408049850143,-23.888414820549897
3,exterior,2134,335.1969403305711,-23.88841450510241
3,exterior,2135,335.1969395098678,-23.888414538836848
3,exterior,2136,335.19693869470166,-23.88841463981288
3,exterior,2137,335.1969378905726,-23.888414807349232
3,exterior,2138,335.1969378860978,-23.88841480847509
3,exterior,2139,335.19693764135855,-23.888414820549897
3,exterior,2140,334.96533994128106,-23.888414775092187
3,exterior,2141,334.9653389565681,-23.888414823693076
3,exterior,2142,334.9653379814267,-23.888414969023724
3,exterior,2143,334.96533702533554,-23.88841520967148
3,exterior,2144,334.965336097588,-23.8884155432972
3,exterior,2145,334.9653352072019,-23.888415966657966
3,exterior,2146,334.96533436283215,-23.88841647563862
3,exterior,2147,334.96533357268606,-23.888417065291765
3,exterior,2148,334.96533284444405,-23.888417729885838
3,exterior,2149,334.9653321851849,-23.888418462960846
3,exterior,2150,334.96533160131656,-23.888419257391135
3,exterior,2151,334.9653310985145,-23.888420105454678
3,exterior,2152,334.96533068166605,-23.888420998908106
3,exterior,2153,334.96533035482304,-23.888421929066862
3,exterior,2154,334.9653301211624,-23.888422886889604
3,exterior,2155,334.96532998295555,-23.88842386306608
3,exterior,2156,334.9653299415457,-23.88842484810765
3,exterior,2157,334.9761905704191,-25.37582752045373
3,exterior,2158,334.9761905605389,-25.375827755479015
3,exterior,2159,334.976190325592,-25.37582776707491
3,exterior,2160,333.3545714782111,-25.37582743023884
3,exterior,2161,333.3545706572101,-25.375827463997783
3,exterior,2162,333.3545698417523,-25.375827565047025
3,exterior,2163,333.35456903734365,-25.375827732704295
3,exterior,2164,333.3545689487973,-25.37582775499138
3,exterior,2165,333.3545687039703,-25.37582776707491
3,exterior,2166,331.7329498565895,-25.37582743023884
3,exterior,2167,331.7329490355885,-25.375827463997783
3,exterior,2168,331.73294822013077,-25.375827565047025
3,exterior,2169,331.73294741572204,-25.375827732704295
3,exterior,2170,331.7329473271757,-25.375827754991384
3,exterior,2171,331.7329470823487,-25.375827767074913
3,exterior,2172,330.11132823496786,-25.37582743023884
3,exterior,2173,330.1113274139669,-25.375827463997783
3,exterior,2174,330.1113265985091,-25.375827565047025
3,exterior,2175,330.1113257941004,-25.375827732704295
3,exterior,2176,330.11132570555407,-25.37582775499138
3,exterior,2177,330.1113254607271,-25.37582776707491
3,exterior,2178,329.6893249573519,-25.37582767941868
3,exterior,2179,329.6893239722631,-25.375827728056752
3,exterior,2180,329.6893229967569,-25.37582787349825
3,exterior,2181,329.6893220403227,-25.375828114328357
3,exterior,2182,329.68932111226434,-25.375828448204373
3,exterior,2183,329.6893202216096,-25.37582887187846
3,exterior,2184,329.6893193770225,-25.375829381229266
3,exterior,2185,329.68931858671897,-25.375829971302
3,exterior,2186,329.6893178583867,-25.37583063635664
3,exterior,2187,329.6893171991107,-25.37583136992376
3,exterior,2188,329.6893166153042,-25.37583216486747
3,exterior,2189,329.6893161126462,-25.375833013454837
3,exterior,2190,329.6893156960265,-25.375833907431094
3,exterior,2191,329.6893153694977,-25.375834838099948
3,exterior,2192,329.68931513623625,-25.37583579640817
3,exterior,2193,329.68931499851124,-25.375836773033672
3,exterior,2194,329.6893149576623,-25.375837758476173
3,exterior,2195,329.7010743207534,-26.863235719112325
3,exterior,2196,329.7010743110075,-26.863235954222592
3,exterior,2197,329.70107407598164,-26.863235965826828
3,exterior,2198,328.05724132588097,-26.863235605806018
3,exterior,2199,328.0572405045663,-26.863235639590794
3,exterior,2200,328.0572396888013,-26.863235740717204
3,exterior,2201,328.05723888409796,-26.863235908501935
3,exterior,2202,328.05723870446263,-26.863235953734105
3,exterior,2203,328.0572384595433,-26.863235965826824
3,exterior,2204,326.41340570944266,-26.86323560580601
3,exterior,2205,326.413404888128,-26.863235639590787
3,exterior,2206,326.413404072363,-26.863235740717197
3,exterior,2207,326.41340326765965,-26.863235908501927
3,exterior,2208,326.41340308802427,-26.863235953734108
3,exterior,2209,326.41340284310496,-26.863235965826828
3,exterior,2210,326.0953097022499,-26.86323589616028
3,exterior,2211,326.095308716764,-26.863235944837662
3,exterior,2212,326.0953077408723,-26.863236090396345
3,exterior,2213,326.09530678407555,-26.863236331419238
3,exterior,2214,326.09530585568876,-26.863236665559857
3,exterior,2215,326.0953049647502,-26.86323708956517
3,exterior,2216,326.0953041199337,-26.863237599307265
3,exterior,2217,326.0953033294639,-26.863238189823537
3,exterior,2218,326.09530260103645,-26.863238855365005
3,exterior,2219,326.09530194174295,-26.863239589452274
3,exterior,2220,326.0953013580021,-26.86324038493862
3,exterior,2221,326.0953008554967,-26.86324123407958
3,exterior,2222,326.09530043911906,-26.863242128608317
3,exterior,2223,326.0953001129228,-26.86324305981613
3,exterior,2224,326.09529988008364,-26.863244018637232
3,exterior,2225,326.09529974286835,-26.863244995736995
3,exterior,2226,326.09529970261275,-26.863245981602844
3,exterior,2227,326.1080088315189,-28.350638716787095
3,exterior,2228,326.108008821915,-28.35063895198712
3,exterior,2229,326.1080085868056,-28.35063896360018
3,exterior,2230,324.4490253646112,-28.350638581764493
3,exterior,2231,324.4490245429651,-28.35063861557658
3,exterior,2232,324.44902372687534,-28.350638716784577
3,exterior,2233,324.44902292186066,-28.35063888470406
3,exterior,2234,324.4490226567075,-28.35063895149774
3,exterior,2235,324.4490224116905,-28.35063896360018
3,exterior,2236,322.790039189496,-28.3506385817645
3,exterior,2237,322.7900383678499,-28.35063861557659
3,exterior,2238,322.7900375517601,-28.35063871678458
3,exterior,2239,322.7900367467455,-28.350638884704065
3,exterior,2240,322.7900364815924,-28.35063895149774
3,exterior,2241,322.79003623657536,-28.35063896360018
3,exterior,2242,321.1310530143807,-28.350638581764493
3,exterior,2243,321.1310521927346,-28.35063861557658
3,exterior,2244,321.1310513766448,-28.350638716784577
3,exterior,2245,321.13105057163017,-28.35063888470406
3,exterior,2246,321.131050306477,-28.35063895149774
3,exterior,2247,321.13105006146003,-28.35063896360018
3,exterior,2248,320.5729586362435,-28.350638835148477
3,exterior,2249,320.57295765033666,-28.350638883867543
3,exterior,2250,320.57295667403633,-28.35063902955048
3,exterior,2251,320.57295571685546,-28.350639270777773
3,exterior,2252,320.5729547881207,-28.35063960519894
3,exterior,2253,320.5729538968814,-28.35064002955543
3,exterior,2254,320.57295305182186,-28.350640539712366
3,exterior,2255,320.57295226117606,-28.35064113069886
3,exterior,2256,320.57295153264795,-28.35064179675642
3,exterior,2257,320.57295087333625,-28.350642531395074
3,exterior,2258,320.57295028966524,-28.35064332745661
3,exterior,2259,320.57294978732205,-28.350644177184314
3,exterior,2260,320.5729493712015,-28.350645072298562
3,exterior,2261,320.5729490453582,-28.350646004077486
3,exterior,2262,320.57294881296707,-28.350646963441964
3,exterior,2263,320.5729486762925,-28.350647941044084
3,exterior,2264,320.57294863666635,-28.350648927358232
3,exterior,2265,320.58666438016303,-29.8380360213543
3,exterior,2266,320.5866643707098,-29.83803625664927
3,exterior,2267,320.586664135512,-29.838036268271683
3,exterior,2268,318.90442419235023,-29.838035862588242
3,exterior,2269,318.90442337035284,-29.83803589642929
3,exterior,2270,318.9044225539189,-29.83803599772379
3,exterior,2271,318.9044217485743,-29.83803616578615
3,exterior,2272,318.90442138997844,-29.838036256158937
3,exterior,2273,318.9044211448579,-29.838036268271683
3,exterior,2274,317.222181201696,-29.83803586258824
3,exterior,2275,317.2221803796986,-29.838035896429286
3,exterior,2276,317.2221795632647,-29.838035997723786
3,exterior,2277,317.22217875792006,-29.838036165786146
3,exterior,2278,317.2221783993242,-29.838036256158937
3,exterior,2279,317.2221781542037,-29.838036268271683
3,exterior,2280,316.60038244957167,-29.83803611832148
3,exterior,2281,316.60038146321745,-29.83803616708487
3,exterior,2282,316.60038048648283,-29.838036312899938
3,exterior,2283,316.60037952889365,-29.83803655434459
3,exterior,2284,316.600378599789,-29.83803688906408
3,exterior,2285,316.6003777082302,-29.83803731379399
3,exterior,2286,316.6003768629124,-29.838037824392035
3,exterior,2287,316.60037607207977,-29.8380384158785
3,exterior,2288,316.600375343445,-29.838039082484777
3,exterior,2289,316.6003746841143,-29.838039817709635
3,exterior,2290,316.60037410051797,-29.83804061438263
3,exterior,2291,316.60037359834763,-29.83804146473403
3,exterior,2292,316.60037318250085,-29.83804236047059
3,exterior,2293,316.6003728570332,-29.83804329285644
3,exterior,2294,316.600372625119,-29.838044252798277
3,exterior,2295,316.6003724890199,-29.838045230934046
3,exterior,2296,316.60037245006333,-29.838046217724262
3,exterior,2297,316.6151581603286,-31.32542709648958
3,exterior,2298,316.6151581510356,-31.32542733188544
3,exterior,2299,316.6151579157438,-31.32542734351779
3,exterior,2300,314.9089999218636,-31.325426913585915
3,exterior,2301,314.9089990994928,-31.325426947457757
3,exterior,2302,314.90899828269306,-31.325427048844237
3,exterior,2303,314.90899747699774,-31.32542721705852
3,exterior,2304,314.9089970235335,-31.325427331394096
3,exterior,2305,314.90899677830305,-31.3254273435178
3,exterior,2306,313.20283878442274,-31.325426913585915
3,exterior,2307,313.20283796205194,-31.325426947457757
3,exterior,2308,313.20283714525226,-31.325427048844237
3,exterior,2309,313.20283633955694,-31.32542721705852
3,exterior,2310,313.2028358860927,-31.32542733139409
3,exterior,2311,313.20283564086225,-31.32542734351779
3,exterior,2312,312.27977584866073,-31.325427110917513
3,exterior,2313,312.2797748618296,-31.325427159728175
3,exterior,2314,312.279773884632,-31.325427305684165
3,exterior,2315,312.2797729266076,-31.325427547360633
3,exterior,2316,312.2797719971088,-31.325427882398287
3,exterior,2317,312.27977110520953,-31.325428307526433
3,exterior,2318,312.27977025961667,-31.325428818594887
3,exterior,2319,312.2797694685851,-31.325429410614507
3,exterior,2320,312.27976873983687,-31.325430077805894
3,exterior,2321,312.2797680804863,-31.325430813655796
3,exterior,2322,312.27976749697007,-31.32543161098072
3,exterior,2323,312.2797669949845,-31.32543246199703
3,exterior,2324,312.27976657943015,-31.325433358396946
3,exterior,2325,312.27976625436366,-31.325434291429655
3,exterior,2326,312.2797660229584,-31.32543525198672
3,exterior,2327,312.2797658874735,-31.325436230691007
3,exterior,2328,312.27976584923147,-31.325437217988224
3,exterior,2329,312.29569218300446,-32.81281135558854
3,exterior,2330,312.29569217388246,-32.81281159109155
3,exterior,2331,312.2956919384906,-32.812811602734506
3,exterior,2332,310.55656472934743,-32.81281114595273
3,exterior,2333,310.55656388781296,-32.81281118142444
3,exterior,2334,310.5565630522486,-32.81281128758835
3,exterior,2335,310.5565622285822,-32.81281146369131
3,exterior,2336,310.55656173442924,-32.81281159132257
3,exterior,2337,310.5565615037081,-32.812811602734506
3,exterior,2338,308.8174342945647,-32.81281114595273
3,exterior,2339,308.8174334530302,-32.81281118142444
3,exterior,2340,308.81743261746584,-32.81281128758835
3,exterior,2341,308.81743179379947,-32.81281146369131
3,exterior,2342,308.8174312996465,-32.81281159132257
3,exterior,2343,308.8174310689254,-32.812811602734506
3,exterior,2344,307.078303859782,-32.81281114595273
3,exterior,2345,307.07830301824754,-32.812811181424436
3,exterior,2346,307.07830218268316,-32.81281128758835
3,exterior,2347,307.0783013590168,-32.812811463691304
3,exterior,2348,307.0783008648638,-32.812811591322564
3,exterior,2349,307.0783006341427,-32.8128116027345
3,exterior,2350,305.33917342499956,-32.81281114595272
3,exterior,2351,305.33917258346503,-32.812811181424436
3,exterior,2352,305.33917174790065,-32.812811287588346
3,exterior,2353,305.3391709242343,-32.812811463691304
3,exterior,2354,305.3391704300813,-32.812811591322564
3,exterior,2355,305.3391701993602,-32.8128116027345
3,exterior,2356,304.5208413502646,-32.812811387800416
3,exterior,2357,304.5208403629235,-32.812811436661654
3,exterior,2358,304.52083938523094,-32.81281158276838
3,exterior,2359,304.5208384267413,-32.81281182469282
3,exterior,2360,304.5208374968212,-32.8128121600708
3,exterior,2361,304.520836604558,-32.812812585624904
3,exterior,2362,304.52083575867124,-32.812813097196496
3,exterior,2363,304.5208349674272,-32.81281368978635
3,exterior,2364,304.52083423855817,-32.81281435760349
3,exterior,2365,304.5208335791868,-32.812815094121824
3,exterior,2366,304.5208329957567,-32.81281589214385
3,exterior,2367,304.52083249396924,-32.81281674387109
3,exterior,2368,304.52083207872823,-32.812817640980185
3,exterior,2369,304.5208317540914,-32.81281857470432
3,exterior,2370,304.52083152323115,-32.812819535918884
3,exterior,2371,304.5208313884036,-32.81282051523058
3,exterior,2372,304.5208313509263,-32.81282150306929
3,exterior,2373,304.537977197282,-34.30018815473594
3,exterior,2374,304.53797718834295,-34.300188390353675
3,exterior,2375,304.5379769528441,-34.30018840200797
3,exterior,2376,302.7732743663789,-34.30018792000669
3,exterior,2377,302.77327350212516,-34.300187957423184
3,exterior,2378,302.77327264433893,-34.30018806939313
3,exterior,2379,302.7732717994392,-34.30018825507862
3,exterior,2380,302.7732715871896,-34.30018832140233
3,exterior,2381,302.77327131596417,-34.30018838986009
3,exterior,2382,302.7732710704912,-34.300188402007976
3,exterior,2383,301.008568484026,-34.30018792000669
3,exterior,2384,301.0085676197723,-34.30018795742319
3,exterior,2385,301.008566761986,-34.30018806939314
3,exterior,2386,301.00856591708634,-34.30018825507863
3,exterior,2387,301.00856570483677,-34.30018832140232
3,exterior,2388,301.0085654336113,-34.30018838986008
3,exterior,2389,301.00856518813833,-34.30018840200797
3,exterior,2390,299.2438626016731,-34.30018792000669
3,exterior,2391,299.24386173741925,-34.30018795742319
3,exterior,2392,299.243860879633,-34.30018806939314
3,exterior,2393,299.24386003473336,-34.30018825507863
3,exterior,2394,299.2438598224837,-34.30018832140232
3,exterior,2395,299.2438595512583,-34.30018838986008
3,exterior,2396,299.24385930578535,-34.30018840200797
3,exterior,2397,298.32208902251847,-34.300188150240636
3,exterior,2398,298.32208803463055,-34.30018819915613
3,exterior,2399,298.3220870564073,-34.300188345424594
3,exterior,2400,298.3220860974188,-34.30018858761507
3,exterior,2401,298.3220851670469,-34.300188923358164
3,exterior,2402,298.3220842743937,-34.30018934936925
3,exterior,2403,298.32208342819206,-34.300189861480604
3,exterior,2404,298.3220826367206,-34.30019045468216
3,exterior,2405,298.3220819077223,-34.30019112317053
3,exterior,2406,298.3220812483291,-34.3001918604058
3,exterior,2407,298.322080664992,-34.30019265917548
3,exterior,2408,298.32208016341775,-34.300193511665086
3,exterior,2409,298.3220797485135,-34.30019440953458
3,exterior,2410,298.32207942433814,-34.30019534399998
3,exterior,2411,298.32207919406324,-34.30019630591925
3,exterior,2412,298.3220790599416,-34.3001972858818
3,exterior,2413,298.3220790232853,-34.300198274300506
3,exterior,2414,298.34053259358984,-35.787556784545075
3,exterior,2415,298.3405325848472,-35.78755702028545
3,exterior,2416,298.34053234923357,-35.787557031951906
3,exterior,2417,296.5494909403619,-35.78755652430818
3,exterior,2418,296.5494900756292,-35.78755656176623
3,exterior,2419,296.54948921737474,-35.78755667386023
3,exterior,2420,296.5494883720283,-35.787556859750424
3,exterior,2421,296.5494880342885,-35.78755696534962
3,exterior,2422,296.54948781872145,-35.78755701979061
3,exterior,2423,296.5494875731141,-35.78755703195191
3,exterior,2424,294.75844616424246,-35.787556524308194
3,exterior,2425,294.75844529950973,-35.78755656176624
3,exterior,2426,294.7584444412553,-35.78755667386024
3,exterior,2427,294.75844359590883,-35.787556859750424
3,exterior,2428,294.7584432581691,-35.787556965349616
3,exterior,2429,294.75844304260204,-35.787557019790604
3,exterior,2430,294.75844279699453,-35.78755703195191
3,exterior,2431,292.967401388123,-35.787556524308194
3,exterior,2432,292.96740052339027,-35.78755656176624
3,exterior,2433,292.9673996651358,-35.78755667386024
3,exterior,2434,292.96739881978937,-35.787556859750424
3,exterior,2435,292.96739848204965,-35.787556965349616
3,exterior,2436,292.96739826648263,-35.787557019790604
3,exterior,2437,292.96739802087507,-35.78755703195191
3,exterior,2438,291.17635661200364,-35.787556524308194
3,exterior,2439,291.1763557472709,-35.78755656176624
3,exterior,2440,291.17635488901647,-35.78755667386024
3,exterior,2441,291.17635404367,-35.787556859750424
3,exterior,2442,291.1763537059303,-35.787556965349616
3,exterior,2443,291.1763534903632,-35.787557019790604
3,exterior,2444,291.1763532447557,-35.78755703195191
3,exterior,2445,289.3853118358843,-35.787556524308194
3,exterior,2446,289.38531097115157,-35.78755656176624
3,exterior,2447,289.3853101128971,-35.78755667386024
3,exterior,2448,289.38530926755067,-35.787556859750424
3,exterior,2449,289.38530892981095,-35.787556965349616
3,exterior,2450,289.38530871424393,-35.787557019790604
3,exterior,2451,289.38530846863637,-35.78755703195191
3,exterior,2452,287.59426705976483,-35.787556524308194
3,exterior,2453,287.5942661950321,-35.78755656176624
3,exterior,2454,287.59426533677765,-35.78755667386024
3,exterior,2455,287.5942644914312,-35.787556859750424
3,exterior,2456,287.5942641536915,-35.787556965349616
3,exterior,2457,287.5942639381244,-35.787557019790604
3,exterior,2458,287.5942636925169,-35.78755703195191
3,exterior,2459,285.8032222836455,-35.787556524308194
3,exterior,2460,285.80322141891276,-35.787556561766245
3,exterior,2461,285.80322056065825,-35.787556673860244
3,exterior,2462,285.8032197153118,-35.78755685975044
3,exterior,2463,285.803219377572,-35.78755696534965
3,exterior,2464,285.8032191620051,-35.78755701979061
3,exterior,2465,285.80321891639755,-35.78755703195192
3,exterior,2466,284.0121775075261,-35.787556524308194
3,exterior,2467,284.0121766427933,-35.787556561766245
3,exterior,2468,284.0121757845387,-35.78755667386026
3,exterior,2469,284.0121749391923,-35.78755685975047
3,exterior,2470,284.01217460145256,-35.787556965349644
3,exterior,2471,284.0121743858857,-35.787557019790604
3,exterior,2472,284.01217414027815,-35.78755703195191
3,exterior,2473,282.4485164994739,-35.78755658875669
3,exterior,2474,282.44851551099794,-35.78755663773058
3,exterior,2475,282.44851453220383,-35.78755678417309
3,exterior,2476,282.44851357267885,-35.78755702664986
3,exterior,2477,282.44851264182125,-35.78755736278586
3,exterior,2478,282.44851174874873,-35.7875577892887
3,exterior,2479,282.4485109022087,-35.78755830198085
3,exterior,2480,282.448510110493,-35.78755889584058
3,exterior,2481,282.44850938135613,-35.78755956505113
3,exterior,2482,282.44850872194013,-35.78756030305771
3,exterior,2483,282.4485081387037,-35.78756110263165
3,exterior,2484,282.4485076373595,-35.787561955941264
3,exterior,2485,282.4485072228183,-35.78756285462853
3,exterior,2486,282.44850689914034,-35.78756378989096
3,exterior,2487,282.448506669496,-35.7875647525678
3,exterior,2488,282.4485065361346,-35.78756573322981
3,exterior,2489,282.44850650036244,-35.78756672227156
3,exterior,2490,282.46836660128554,-37.27491646063446
3,exterior,2491,282.46836659275436,-37.27491669650629
3,exterior,2492,282.4683663570172,-37.27491670818585
3,exterior,2493,280.64095863673634,-37.274916171760964
3,exterior,2494,280.6409577714884,-37.274916209263736
3,exterior,2495,280.6409569127303,-37.274916321491254
3,exterior,2496,280.6409560669033,-37.27491650760176
3,exterior,2497,280.6409555883634,-37.27491665731923
3,exterior,2498,280.64095543525656,-37.2749166960101
3,exterior,2499,280.64095518950444,-37.27491670818585
3,exterior,2500,278.81354746922375,-37.274916171760964
3,exterior,2501,278.81354660397574,-37.274916209263736
3,exterior,2502,278.81354574521765,-37.27491632149126
3,exterior,2503,278.81354489939065,-37.274916507601766
3,exterior,2504,278.8135444208508,-37.27491665731924
3,exterior,2505,278.8135442677439,-37.27491669601011
3,exterior,2506,278.8135440219918,-37.274916708185856
3,exterior,2507,276.98613630171104,-37.27491617176097
3,exterior,2508,276.9861354364631,-37.27491620926374
3,exterior,2509,276.986134577705,-37.27491632149126
3,exterior,2510,276.986133731878,-37.274916507601766
3,exterior,2511,276.9861332533381,-37.27491665731924
3,exterior,2512,276.98613310023126,-37.27491669601011
3,exterior,2513,276.98613285447914,-37.274916708185856
3,exterior,2514,275.15872513419833,-37.27491617176096
3,exterior,2515,275.1587242689503,-37.27491620926373
3,exterior,2516,275.15872341019224,-37.274916321491254
3,exterior,2517,275.15872256436523,-37.27491650760176
3,exterior,2518,275.1587220858254,-37.27491665731923
3,exterior,2519,275.1587219327185,-37.2749166960101
3,exterior,2520,275.1587216869664,-37.27491670818585
3,exterior,2521,273.3313139666857,-37.27491617176097
3,exterior,2522,273.3313131014378,-37.27491620926374
3,exterior,2523,273.3313122426797,-37.27491632149126
3,exterior,2524,273.3313113968527,-37.27491650760175
3,exterior,2525,273.33131091831274,-37.27491665731923
3,exterior,2526,273.3313107652059,-37.2749166960101
3,exterior,2527,273.3313105194538,-37.27491670818585
3,exterior,2528,271.5039027991729,-37.274916171760964
3,exterior,2529,271.503901933925,-37.274916209263736
3,exterior,2530,271.50390107516694,-37.274916321491254
3,exterior,2531,271.5039002293399,-37.27491650760176
3,exterior,2532,271.5038997508,-37.27491665731923
3,exterior,2533,271.50389959769313,-37.2749166960101
3,exterior,2534,271.503899351941,-37.27491670818585
3,exterior,2535,269.67649163166027,-37.274916171760964
3,exterior,2536,269.67649076641237,-37.274916209263736
3,exterior,2537,269.6764899076543,-37.274916321491254
3,exterior,2538,269.6764890618272,-37.27491650760176
3,exterior,2539,269.6764885832873,-37.27491665731923
3,exterior,2540,269.6764884301805,-37.2749166960101
3,exterior,2541,269.67648818442837,-37.27491670818585
3,exterior,2542,267.8490804641475,-37.274916171760964
3,exterior,2543,267.8490795988996,-37.274916209263736
3,exterior,2544,267.84907874014147,-37.27491632149126
3,exterior,2545,267.84907789431446,-37.274916507601766
3,exterior,2546,267.84907741577456,-37.27491665731924
3,exterior,2547,267.8490772626677,-37.27491669601011
3,exterior,2548,267.8490770169156,-37.274916708185856
3,exterior,2549,266.02166929663485,-37.274916171760964
3,exterior,2550,266.02166843138696,-37.274916209263736
3,exterior,2551,266.02166757262887,-37.274916321491254
3,exterior,2552,266.0216667268018,-37.27491650760176
3,exterior,2553,266.0216662482619,-37.27491665731923
3,exterior,2554,266.02166609515507,-37.2749166960101
3,exterior,2555,266.02166584940295,-37.27491670818585
3,exterior,2556,264.1942581291222,-37.274916171760964
3,exterior,2557,264.1942572638743,-37.274916209263736
3,exterior,2558,264.1942564051162,-37.274916321491254
3,exterior,2559,264.19425555928916,-37.27491650760176
3,exterior,2560,264.19425508074926,-37.27491665731923
3,exterior,2561,264.1942549276424,-37.2749166960101
3,exterior,2562,264.1942546818903,-37.27491670818585
3,exterior,2563,262.3668469616095,-37.274916171760964
3,exterior,2564,262.36684609636154,-37.274916209263736
3,exterior,2565,262.36684523760346,-37.274916321491254
3,exterior,2566,262.36684439177645,-37.27491650760176
3,exterior,2567,262.36684391323655,-37.27491665731923
3,exterior,2568,262.3668437601297,-37.2749166960101
3,exterior,2569,262.3668435143776,-37.27491670818585
3,exterior,2570,260.53943579409673,-37.274916171760964
3,exterior,2571,260.5394349288488,-37.274916209263736
3,exterior,2572,260.5394340700907,-37.274916321491254
3,exterior,2573,260.5394332242637,-37.27491650760176
3,exterior,2574,260.5394327457238,-37.27491665731923
3,exterior,2575,260.53943259261695,-37.2749166960101
3,exterior,2576,260.5394323468648,-37.27491670818585
3,exterior,2577,258.71202462658414,-37.27491617176096
3,exterior,2578,258.7120237613361,-37.27491620926373
3,exterior,2579,258.71202290257804,-37.274916321491254
3,exterior,2580,258.71202205675104,-37.27491650760176
3,exterior,2581,258.7120215782112,-37.27491665731923
3,exterior,2582,258.7120214251043,-37.2749166960101
3,exterior,2583,258.7120211793522,-37.27491670818585
3,exterior,2584,258.4564771349169,-37.27491663317238
3,exterior,2585,258.45647614580645,-37.2749166822093
3,exterior,2586,258.45647516639656,-37.2749168288397
3,exterior,2587,258.45647420629285,-37.27491707162551
3,exterior,2588,258.45647327491145,-37.27491740818563
3,exterior,2589,258.45647238138673,-37.27491783521926
3,exterior,2590,258.456471534482,-37.27491834853831
3,exterior,2591,258.45647074250314,-37.27491894310841
3,exterior,2592,258.4564700132175,-37.27491961309836
3,exterior,2593,258.45646935377744,-37.274920351937276
3,exterior,2594,258.4564687706504,-37.27492115237903
3,exterior,2595,258.45646826955544,-37.27492200657334
3,exterior,2596,258.4564678554069,-37.274922906142756
3,exterior,2597,258.45646753226663,-37.27492384226479
3,exterior,2598,258.4564673033038,-37.27492480575849
3,exterior,2599,258.45646717076386,-37.27492578717444
3,exterior,2600,258.4564671359467,-37.27492677688746
3,exterior,2601,258.4752729707302,-38.58334150553822
3,exterior,2602,258.47527303195966,-38.58334247599006
3,exterior,2603,258.475273187153,-38.58334343590716
3,exterior,2604,258.47527343484285,-38.58334437621326
3,exterior,2605,258.47527377268716,-38.583345288017526
3,exterior,2606,258.4752741974916,-38.583346162698604
3,exterior,2607,258.47527470523954,-38.583346991986176
3,exterior,2608,258.47527529113006,-38.5833477680391
3,exterior,2609,258.4752759496234,-38.583348483519586
3,exterior,2610,258.47527667449333,-38.58334913166261
3,exterior,2611,258.47527745888607,-38.58334970633979
3,exterior,2612,258.4752782953849,-38.58335020211741
3,exterior,2613,258.4752791760806,-38.58335061430776
3,exterior,2614,258.47528009264596,-38.583350939013485
3,exterior,2615,258.4752810364146,-38.58335117316441
3,exterior,2616,258.47528199846283,-38.58335131454656
3,exterior,2617,258.4752829696944,-38.58335136182315
3,exterior,2618,260.11346951738153,-38.58335185700416
3,exterior,2619,260.11346974933855,-38.583351868287096
3,exterior,2620,260.1134697642097,-38.583352100041644
3,exterior,2621,260.1392587152883,-40.24960537022011
3,exterior,2622,260.139258707233,-40.24960560638733
3,exterior,2623,260.1392584712189,-40.249605618096304
3,exterior,2624,259.9025710568285,-40.2496055439748
3,exterior,2625,259.902570066286,-40.24960559315414
3,exterior,2626,259.90256908548645,-40.24960574020906
3,exterior,2627,259.90256812407677,-40.24960598369313
3,exterior,2628,259.90256719151347,-40.24960632121145
3,exterior,2629,259.90256629696904,-40.24960674944423
3,exterior,2630,259.9025654492423,-40.2496072641794
3,exterior,2631,259.9025646566713,-40.24960786035406
3,exterior,2632,259.90256392705174,-40.24960853210427
3,exterior,2633,259.9025632675602,-40.249609272822745
3,exterior,2634,259.9025626846833,-40.249610075223835
3,exterior,2635,259.9025621841542,-40.24961093141518
3,exterior,2636,259.90256177089606,-40.24961183297533
3,exterior,2637,259.9025614489737,-40.24961277103662
3,exterior,2638,259.90256122155347,-40.249613736372325
3,exterior,2639,259.90256109087227,-40.24961471948749
3,exterior,2640,259.9025610582155,-40.24961571071225
3,exterior,2641,259.92736364720133,-41.736932549217784
3,exterior,2642,259.9273636394151,-41.7369327855507
3,exterior,2643,259.92736340324467,-41.7369327972763
3,exterior,2644,259.6802193367288,-41.73693271753345
3,exterior,2645,259.6802183453743,-41.736932766793636
3,exterior,2646,259.6802173637868,-41.73693291408952
3,exterior,2647,259.6802164016369,-41.73693315796992
3,exterior,2648,259.6802154684038,-41.736933496032115
3,exterior,2649,259.6802145732818,-41.736933924945475
3,exterior,2650,259.68021372508963,-41.7369344404843
3,exterior,2651,259.68021293218396,-41.736935037569445
3,exterior,2652,259.6802122023764,-41.73693571031838
3,exterior,2653,259.68021154285725,-41.7369364521031
3,exterior,2654,259.6802109601241,-41.73693725561548
3,exterior,2655,259.680210459918,-41.73693811293923
3,exterior,2656,259.6802100471671,-41.736939015627904
3,exterior,2657,259.68020972593797,-41.73693995478813
3,exterior,2658,259.68020949939523,-41.7369409211672
3,exterior,2659,259.68020936977086,-41.73694190524425
3,exterior,2660,259.6802093383419,-41.736942897324056
3,exterior,2661,259.70695398496804,-43.2242466314475
3,exterior,2662,259.70695397747534,-43.2242468679611
3,exterior,2663,259.70695374113484,-43.2242468797048
3,exterior,2664,257.71800725494967,-43.22424621950369
3,exterior,2665,257.7180063871802,-43.224246257225744
3,exterior,2666,257.71800552595755,-43.224246370107885
3,exterior,2667,257.7180046777792,-43.22424655729848
3,exterior,2668,257.71800384904424,-43.22424681738528
3,exterior,2669,257.7180037107307,-43.22424686748913
3,exterior,2670,257.7180034648918,-43.2242468797048
3,exterior,2671,257.41474647412616,-43.22424677904317
3,exterior,2672,257.4147454818843,-43.2242468283918
3,exterior,2673,257.41474449943576,-43.224246975951274
3,exterior,2674,257.41474353647686,-43.22424722026522
3,exterior,2675,257.4147426025119,-43.22424755892231
3,exterior,2676,257.41474170675895,-43.22424798858006
3,exterior,2677,257.4147408580589,-43.22424850499785
3,exterior,2678,257.41474006478825,-43.22424910307874
3,exterior,2679,257.41473933477636,-43.22424977691979
3,exterior,2680,257.41473867522836,-43.224250519870345
3,exterior,2681,257.4147380926538,-43.22425132459762
3,exterior,2682,257.41473759280257,-43.22425218315914
3,exterior,2683,257.41473718060814,-43.22425308708107
3,exterior,2684,257.41473686013876,-43.224254027441894
3,exterior,2685,257.41473663455736,-43.22425499496045
3,exterior,2686,257.41473650609043,-43.22425598008753
3,exterior,2687,257.41473647600594,-43.22425697310013
3,exterior,2688,257.4436037953636,-44.71154624343084
3,exterior,2689,257.44360378819215,-44.71154648014067
3,exterior,2690,257.44360355166583,-44.71154649190418
3,exterior,2691,255.40970912859305,-44.71154579836879
3,exterior,2692,255.40970826004616,-44.711545836158585
3,exterior,2693,255.40970739806377,-44.71154594924293
3,exterior,2694,255.40970654916072,-44.71154613676715
3,exterior,2695,255.40970571975302,-44.71154639731391
3,exterior,2696,255.4097054926364,-44.711546479666744
3,exterior,2697,255.40970524658098,-44.71154649190418
3,exterior,2698,253.3758108235083,-44.711545798368796
3,exterior,2699,253.37580995496143,-44.71154583615859
3,exterior,2700,253.37580909297904,-44.71154594924293
3,exterior,2701,253.37580824407598,-44.71154613676715
3,exterior,2702,253.37580741466832,-44.71154639731391
3,exterior,2703,253.37580718755166,-44.711546479666744
3,exterior,2704,253.37580694149625,-44.71154649190418
3,exterior,2705,251.34191251842356,-44.711545798368796
3,exterior,2706,251.3419116498767,-44.71154583615859
3,exterior,2707,251.3419107878943,-44.71154594924293
3,exterior,2708,251.34190993899125,-44.71154613676715
3,exterior,2709,251.34190910958358,-44.71154639731391
3,exterior,2710,251.34190888246692,-44.711546479666744
3,exterior,2711,251.34190863641152,-44.71154649190418
3,exterior,2712,248.9969962724872,-44.711545692315134
3,exterior,2713,248.9969960359609,-44.71154568055145
3,exterior,2714,248.9969960287898,-44.71154544384116
3,exterior,2715,249.02586525918517,-43.22425682935526
3,exterior,2716,249.0258652291019,-43.22425583634223
3,exterior,2717,249.02586510063614,-43.2242548512146
3,exterior,2718,249.02586487505585,-43.2242538836954
3,exterior,2719,249.02586455458743,-43.22425294333383
3,exterior,2720,249.0258641423938,-43.22425203941108
3,exterior,2721,249.02586364254333,-43.22425118084869
3,exterior,2722,249.02586305996937,-43.22425037612049
3,exterior,2723,249.02586240042183,-43.22424963316899
3,exterior,2724,249.0258616704103,-43.22424895932697
3,exterior,2725,249.02586087713988,-43.22424836124512
3,exterior,2726,249.02586002843992,-43.22424784482637
3,exterior,2727,249.025859132687,-43.224247415167696
3,exterior,2728,249.025858198722,-43.22424707650973
3,exterior,2729,249.0258572357629,-43.22424683219495
3,exterior,2730,249.025856253314,-43.2242466846347
3,exterior,2731,249.02585526107183,-43.224246635285375
3,exterior,2732,247.47529049067614,-43.22424612059852
3,exterior,2733,247.4752902543356,-43.22424610885464
3,exterior,2734,247.47529024684317,-43.22424587234115
3,exterior,2735,247.50203666507787,-41.73694273519522
3,exterior,2736,247.5020366336501,-41.73694174311503
3,exterior,2737,247.50203650402682,-41.73694075903749
3,exterior,2738,247.50203627748505,-41.73693979265783
3,exterior,2739,247.50203595625675,-41.73693885349693
3,exterior,2740,247.50203554350668,-41.736937950807516
3,exterior,2741,247.5020350433013,-41.736937093482965
3,exterior,2742,247.5020344605687,-41.73693628996974
3,exterior,2743,247.50203380104998,-41.736935548184135
3,exterior,2744,247.5020330712428,-41.736934875434315
3,exterior,2745,247.50203227833737,-41.736934278348265
3,exterior,2746,247.5020314301454,-41.736933762808555
3,exterior,2747,247.5020305350234,-41.736933333894335
3,exterior,2748,247.5020296017902,-41.73693299583131
3,exterior,2749,247.50202863964012,-41.736932751950114
3,exterior,2750,247.50202765805238,-41.7369326046535
3,exterior,2751,247.50202666669765,-41.736932555392634
3,exterior,2752,246.01850812220562,-41.73693207672445
3,exterior,2753,246.01850788603514,-41.73693206499869
3,exterior,2754,246.0185078782492,-41.736931828665575
3,exterior,2755,246.04629605285606,-40.07069183174757
3,exterior,2756,246.0462960679862,-40.07069160016876
3,exterior,2757,246.04629629978518,-40.070691588902356
3,exterior,2758,246.53009460188167,-40.07069173985005
3,exterior,2759,246.5300955724263,-40.07069169264107
3,exterior,2760,246.53009653380718,-40.07069155145929
3,exterior,2761,246.53009747694716,-40.07069131763771
3,exterior,2762,246.53009839294117,-40.07069099338405
3,exterior,2763,246.53009927314062,-40.070690581759855
3,exterior,2764,246.53010010923475,-40.07069008665164
3,exterior,2765,246.53010089332923,-40.07068951273412
3,exterior,2766,246.53010161802086,-40.07068886542616
3,exterior,2767,246.53010227646712,-40.070688150839544
3,exterior,2768,246.5301028624511,-40.07068737572129
3,exterior,2769,246.53010337043997,-40.07068654738996
3,exterior,2770,246.53010379563744,-40.07068567366653
3,exterior,2771,246.53010413402887,-40.070684762800575
3,exterior,2772,246.53010438241913,-40.070683823392365
3,exterior,2773,246.530104538463,-40.07068286431164
3,exterior,2774,246.53010460068714,-40.07068189461392
3,exterior,2775,246.55312585976327,-38.58335145566255
3,exterior,2776,246.55312587463465,-38.58335122390796
3,exterior,2777,246.55312610659155,-38.58335121262517
3,exterior,2778,248.45788445946368,-38.58335178838386
3,exterior,2779,248.45788559112145,-38.5833517241454
3,exterior,2780,248.45788670824,-38.58335153225468
3,exterior,2781,248.4578877359745,-38.58335123280277
3,exterior,2782,248.45788777001104,-38.58335122436449
3,exterior,2783,248.45788801135353,-38.58335121262517
3,exterior,2784,250.3626463642256,-38.583351788383865
3,exterior,2785,250.36264749588338,-38.58335172414541
3,exterior,2786,250.36264861300197,-38.58335153225468
3,exterior,2787,250.36264964073646,-38.583351232802755
3,exterior,2788,250.36264967477297,-38.58335122436449
3,exterior,2789,250.36264991611546,-38.58335121262517
3,exterior,2790,250.74744389989417,-38.58335132893834
3,exterior,2791,250.74744487112554,-38.58335128166237
3,exterior,2792,250.74744583317369,-38.583351140280854
3,exterior,2793,250.7474467769422,-38.58335090613061
3,exterior,2794,250.74744769350755,-38.583350581425584
3,exterior,2795,250.74744857420336,-38.58335016923594
3,exterior,2796,250.74744941070242,-38.58334967345905
3,exterior,2797,250.74745019509538,-38.583349098782584
3,exterior,2798,250.74745091996567,-38.58334845064027
3,exterior,2799,250.74745157845942,-38.58334773516046
3,exterior,2800,250.74745216435042,-38.58334695910819
3,exterior,2801,250.74745267209892,-38.58334612982124
3,exterior,2802,250.74745309690402,-38.58334525514072
3,exterior,2803,250.7474534347491,-38.583344343336954
3,exterior,2804,250.7474536824397,-38.58334340303129
3,exterior,2805,250.7474538376339,-38.58334244311455
3,exterior,2806,250.74745389886428,-38.583341472662994
3,exterior,2807,250.7688328652468,-37.096000406475774
3,exterior,2808,250.76883287987945,-37.09600017455962
3,exterior,2809,250.7688331119818,-37.09600016326173
3,exterior,2810,252.63411462003944,-37.096000708555245
3,exterior,2811,252.63411575249705,-37.09600064422565
3,exterior,2812,252.63411687038453,-37.096000452063855
3,exterior,2813,252.6341176832791,-37.096000215032525
3,exterior,2814,252.63411784456366,-37.096000175017615
3,exterior,2815,252.63411808607503,-37.09600016326173
3,exterior,2816,254.49939959413274,-37.096000708555245
3,exterior,2817,254.4994007265904,-37.09600064422564
3,exterior,2818,254.49940184447794,-37.096000452063834
3,exterior,2819,254.49940265737246,-37.09600021503252
3,exterior,2820,254.49940281865696,-37.096000175017615
3,exterior,2821,254.49940306016833,-37.09600016326173
3,exterior,2822,256.3646845682259,-37.096000708555245
3,exterior,2823,256.36468570068354,-37.09600064422565
3,exterior,2824,256.36468681857104,-37.096000452063855
3,exterior,2825,256.3646876314656,-37.096000215032525
3,exterior,2826,256.36468779275015,-37.096000175017615
3,exterior,2827,256.3646880342615,-37.09600016326173
3,exterior,2828,256.6202373192661,-37.09600023796861
3,exterior,2829,256.62023829113207,-37.096000190630676
3,exterior,2830,256.62023925379674,-37.09600004906449
3,exterior,2831,256.62024019814606,-37.095999814610344
3,exterior,2832,256.6202411152392,-37.09599948948798
3,exterior,2833,256.62024199639336,-37.09599907677553
3,exterior,2834,256.6202428332663,-37.0959985803804
3,exterior,2835,256.6202436179346,-37.09599800500229
3,exterior,2836,256.6202443429694,-37.09599735608869
3,exterior,2837,256.6202450015063,-37.09599663978326
3,exterior,2838,256.6202455873105,-37.09599586286773
3,exterior,2839,256.62024609483586,-37.095995032697665
3,exterior,2840,256.62024651927726,-37.095994157132814
3,exterior,2841,256.6202468566163,-37.09599324446272
3,exterior,2842,256.62024710365915,-37.09599230332821
3,exterior,2843,256.62024725806685,-37.09599134263961
3,exterior,2844,256.62024731837755,-37.09599037149238
3,exterior,2845,256.63771943738766,-35.78756702126596
3,exterior,2846,256.6377194016164,-35.78756603222397
3,exterior,2847,256.6377192682558,-35.78756505156165
3,exterior,2848,256.6377190386122,-35.78756408888441
3,exterior,2849,256.637718714935,-35.78756315362153
3,exterior,2850,256.63771830039434,-35.787562254933746
3,exterior,2851,256.6377177990508,-35.78756140162357
3,exterior,2852,256.63771721581486,-35.78756060204902
3,exterior,2853,256.6377165563992,-35.78755986404181
3,exterior,2854,256.6377158272627,-35.78755919483059
3,exterior,2855,256.6377150355472,-35.787558600970186
3,exterior,2856,256.6377141890074,-35.78755808827736
3,exterior,2857,256.63771329593493,-35.787557661773846
3,exterior,2858,256.6377123650774,-35.78755732563719
3,exterior,2859,256.6377114055523,-35.787557083159776
3,exterior,2860,256.63771042675813,-35.78755693671665
3,exterior,2861,256.63770943828195,-35.787556887742184
3,exterior,2862,255.3554610896156,-35.787556524308194
3,exterior,2863,255.35546022488285,-35.787556561766245
3,exterior,2864,255.3554593666283,-35.78755667386026
3,exterior,2865,255.35545852128183,-35.78755685975047
3,exterior,2866,255.35545818354214,-35.787556965349644
3,exterior,2867,255.35545796797524,-35.787557019790604
3,exterior,2868,255.3554577223677,-35.78755703195191
3,exterior,2869,253.56441631349617,-35.787556524308194
3,exterior,2870,253.56441544876344,-35.787556561766245
3,exterior,2871,253.56441459050893,-35.787556673860244
3,exterior,2872,253.56441374516248,-35.78755685975044
3,exterior,2873,253.5644134074227,-35.78755696534965
3,exterior,2874,253.56441319185578,-35.78755701979061
3,exterior,2875,253.56441294624824,-35.78755703195192
3,exterior,2876,251.77337153737676,-35.7875565243082
3,exterior,2877,251.77337067264403,-35.78755656176625
3,exterior,2878,251.77336981438953,-35.78755667386026
3,exterior,2879,251.77336896904305,-35.78755685975046
3,exterior,2880,251.77336863130336,-35.787556965349644
3,exterior,2881,251.77336841573643,-35.787557019790604
3,exterior,2882,251.7733681701289,-35.78755703195191
3,exterior,2883,249.7191006823698,-35.78755644970072
3,exterior,2884,249.7191004467561,-35.78755643803412
3,exterior,2885,249.7191004380137,-35.787556202293636
3,exterior,2886,249.73755522818175,-34.30019850025141
3,exterior,2887,249.73755519152627,-34.3001975118325
3,exterior,2888,249.73755505740536,-34.30019653186967
3,exterior,2889,249.7375548271312,-34.30019556995005
3,exterior,2890,249.73755450295653,-34.30019463548424
3,exterior,2891,249.7375540880528,-34.30019373761427
3,exterior,2892,249.73755358647912,-34.30019288512415
3,exterior,2893,249.73755300314247,-34.30019208635391
3,exterior,2894,249.73755234374966,-34.30019134911805
3,exterior,2895,249.73755161475168,-34.300190680629065
3,exterior,2896,249.73755082328046,-34.300190087426884
3,exterior,2897,249.73754997707903,-34.300189575314896
3,exterior,2898,249.7375490844259,-34.30018914930317
3,exterior,2899,249.73754815405408,-34.30018881355945
3,exterior,2900,249.73754719506553,-34.30018857136837
3,exterior,2901,249.7375462168422,-34.30018842509932
3,exterior,2902,249.73754522895413,-34.30018837618327
3,exterior,2903,248.06739201343777,-34.30018792000669
3,exterior,2904,248.06739114918395,-34.30018795742319
3,exterior,2905,248.06739029139766,-34.30018806939315
3,exterior,2906,248.06738944649794,-34.30018825507866
3,exterior,2907,248.06738923424825,-34.30018832140237
3,exterior,2908,248.067388963023,-34.30018838986009
3,exterior,2909,248.06738871755005,-34.300188402007976
3,exterior,2910,246.38179051246726,-34.30018794161283
3,exterior,2911,246.38178952457935,-34.30018799052833
3,exterior,2912,246.3817885463561,-34.30018813679679
3,exterior,2913,246.38178758736757,-34.300188378987265
3,exterior,2914,246.3817866569957,-34.30018871473036
3,exterior,2915,246.3817857643425,-34.300189140741445
3,exterior,2916,246.38178491814085,-34.3001896528528
3,exterior,2917,246.38178412666937,-34.300190246054356
3,exterior,2918,246.3817833976711,-34.300190914542725
3,exterior,2919,246.38178273827788,-34.300191651778
3,exterior,2920,246.38178215494077,-34.30019245054768
3,exterior,2921,246.38178165336655,-34.30019330303728
3,exterior,2922,246.38178123846222,-34.30019420090678
3,exterior,2923,246.3817809142869,-34.30019513537218
3,exterior,2924,246.38178068401203,-34.30019609729145
3,exterior,2925,246.38178054989038,-34.300197077254
3,exterior,2926,246.3817805132341,-34.3001980656727
3,exterior,2927,246.40023408612706,-35.78755678454523
3,exterior,2928,246.40023407738443,-35.78755702028545
3,exterior,2929,246.40023384177067,-35.78755703195191
3,exterior,2930,244.34596635401147,-35.78755644970072
3,exterior,2931,244.34596611839777,-35.78755643803412
3,exterior,2932,244.34596610965536,-35.787556202293636
3,exterior,2933,244.36442090009123,-34.30019847866923
3,exterior,2934,244.36442086343575,-34.30019749025032
3,exterior,2935,244.36442072931487,-34.30019651028749
3,exterior,2936,244.36442049904068,-34.30019554836787
3,exterior,2937,244.364420174866,-34.30019461390206
3,exterior,2938,244.3644197599623,-34.30019371603209
3,exterior,2939,244.36441925838864,-34.300192863541966
3,exterior,2940,244.36441867505195,-34.30019206477173
3,exterior,2941,244.36441801565917,-34.30019132753587
3,exterior,2942,244.3644172866612,-34.30019065904688
3,exterior,2943,244.36441649518994,-34.3001900658447
3,exterior,2944,244.3644156489885,-34.300189553732714
3,exterior,2945,244.3644147563354,-34.30018912772099
3,exterior,2946,244.3644138259636,-34.30018879197727
3,exterior,2947,244.36441286697504,-34.30018854978619
3,exterior,2948,244.36441188875168,-34.30018840351714
3,exterior,2949,244.36441090086362,-34.30018835460109
3,exterior,2950,242.7997009600499,-34.300187927224705
3,exterior,2951,242.79969997216205,-34.3001879761402
3,exterior,2952,242.79969899393876,-34.30018812240866
3,exterior,2953,242.79969803495024,-34.30018836459914
3,exterior,2954,242.7996971045784,-34.30018870034223
3,exterior,2955,242.79969621192515,-34.30018912635332
3,exterior,2956,242.79969536572355,-34.30018963846467
3,exterior,2957,242.79969457425204,-34.30019023166623
3,exterior,2958,242.79969384525376,-34.3001909001546
3,exterior,2959,242.79969318586058,-34.30019163738987
3,exterior,2960,242.7996926025234,-34.30019243615955
3,exterior,2961,242.79969210094922,-34.300193288649155
3,exterior,2962,242.79969168604492,-34.30019418651865
3,exterior,2963,242.79969136186958,-34.30019512098405
3,exterior,2964,242.79969113159467,-34.30019608290332
3,exterior,2965,242.79969099747302,-34.30019706286587
3,exterior,2966,242.79969096081675,-34.300198051284575
3,exterior,2967,242.81814453388824,-35.78755678454523
3,exterior,2968,242.8181445251456,-35.78755702028545
3,exterior,2969,242.81814428953186,-35.78755703195191
3,exterior,2970,242.24547081794526,-35.78755686963624
3,exterior,2971,242.24546982946924,-35.78755691861013
3,exterior,2972,242.2454688506752,-35.78755706505264
3,exterior,2973,242.24546789115016,-35.787557307529404
3,exterior,2974,242.24546696029262,-35.78755764366541
3,exterior,2975,242.24546606722006,-35.787558070168245
3,exterior,2976,242.24546522068005,-35.7875585828604
3,exterior,2977,242.24546442896428,-35.78755917672013
3,exterior,2978,242.2454636998275,-35.78755984593068
3,exterior,2979,242.24546304041144,-35.78756058393726
3,exterior,2980,242.245462457175,-35.787561383511196
3,exterior,2981,242.24546195583088,-35.78756223682081
3,exterior,2982,242.24546154128964,-35.78756313550808
3,exterior,2983,242.24546121761165,-35.78756407077051
3,exterior,2984,242.2454609879673,-35.78756503344735
3,exterior,2985,242.24546085460594,-35.78756601410936
3,exterior,2986,242.24546081883375,-35.78756700315111
3,exterior,2987,242.2653209160063,-37.274916460634465
3,exterior,2988,242.26532090747514,-37.274916696506295
3,exterior,2989,242.26532067173798,-37.274916708185856
3,exterior,2990,241.6689123666393,-37.274916533113675
3,exterior,2991,241.66891137752884,-37.274916582150595
3,exterior,2992,241.66891039811898,-37.274916728780994
3,exterior,2993,241.66890943801525,-37.2749169715668
3,exterior,2994,241.66890850663384,-37.27491730812692
3,exterior,2995,241.66890761310913,-37.27491773516056
3,exterior,2996,241.66890676620437,-37.2749182484796
3,exterior,2997,241.66890597422554,-37.274918843049704
3,exterior,2998,241.66890524493988,-37.274919513039656
3,exterior,2999,241.66890458549983,-37.27492025187857
3,exterior,3000,241.6689040023728,-37.27492105232032
3,exterior,3001,241.66890350127784,-37.274921906514635
3,exterior,3002,241.66890308712934,-37.27492280608405
3,exterior,3003,241.66890276398905,-37.274923742206084
3,exterior,3004,241.66890253502618,-37.27492470569978
3,exterior,3005,241.66890240248622,-37.27492568711573
3,exterior,3006,241.6689023676691,-37.274926676828755
3,exterior,3007,241.69027988875806,-38.76226631246843
3,exterior,3008,241.6902798804553,-38.76226654848249
3,exterior,3009,241.69027964458508,-38.76226656017618
3,exterior,3010,241.06862996624045,-38.762266371533215
3,exterior,3011,241.0686289764434,-38.7622664206384
3,exterior,3012,241.06862799636718,-38.76226656747225
3,exterior,3013,241.0686270356373,-38.762266810592735
3,exterior,3014,241.0686261036891,-38.76226714761212
3,exterior,3015,241.06862520967533,-38.76226757522051
3,exterior,3016,241.06862436237623,-38.76226808921834
3,exterior,3017,241.06862357011317,-38.76226868455756
3,exterior,3018,241.06862284066708,-38.762269355391304
3,exterior,3019,241.06862218120187,-38.76227009513124
3,exterior,3020,241.06862159819426,-38.76227089651233
3,exterior,3021,241.06862109737,-38.762271751664116
3,exterior,3022,241.06862068364768,-38.762272652188074
3,exterior,3023,241.0686203610906,-38.76227358924008
3,exterior,3024,241.0686201328666,-38.76227455361725
3,exterior,3025,241.06862000121703,-38.762275535848346
3,exterior,3026,241.06861996743493,-38.76227652628678
3,exterior,3027,241.09163966766926,-40.24960537022011
3,exterior,3028,241.09163965961397,-40.24960560638733
3,exterior,3029,241.09163942359987,-40.249605618096304
3,exterior,3030,239.18688113270622,-40.24960502159838
3,exterior,3031,239.18688026630105,-40.249605059201706
3,exterior,3032,239.18687940641183,-40.24960517172943
3,exterior,3033,239.18687855950554,-40.249605358335245
3,exterior,3034,239.18687778815075,-40.249605600008024
3,exterior,3035,239.18687776491467,-40.2496056058881
3,exterior,3036,239.1868775188379,-40.249605618096304
3,exterior,3037,237.2821192279443,-40.24960502159837
3,exterior,3038,237.28211836153912,-40.2496050592017
3,exterior,3039,237.28211750164988,-40.24960517172942
3,exterior,3040,237.28211665474362,-40.249605358335245
3,exterior,3041,237.28211588338877,-40.24960560000804
3,exterior,3042,237.28211586015274,-40.2496056058881
3,exterior,3043,237.28211561407596,-40.249605618096304
3,exterior,3044,236.55121970289622,-40.249605389207474
3,exterior,3045,236.55121871235377,-40.249605438386816
3,exterior,3046,236.55121773155417,-40.249605585441735
3,exterior,3047,236.55121677014455,-40.2496058289258
3,exterior,3048,236.5512158375812,-40.249606166444124
3,exterior,3049,236.5512149430368,-40.249606594676905
3,exterior,3050,236.55121409531,-40.249607109412075
3,exterior,3051,236.55121330273903,-40.24960770558673
3,exterior,3052,236.5512125731195,-40.24960837733694
3,exterior,3053,236.55121191362792,-40.24960911805542
3,exterior,3054,236.55121133075102,-40.24960992045651
3,exterior,3055,236.55121083022192,-40.24961077664785
3,exterior,3056,236.5512104169638,-40.249611678208005
3,exterior,3057,236.55121009504143,-40.24961261626929
3,exterior,3058,236.5512098676212,-40.249613581605
3,exterior,3059,236.55120973694005,-40.24961456472016
3,exterior,3060,236.55120970428328,-40.24961555594492
3,exterior,3061,236.57601229584995,-41.736932549217784
3,exterior,3062,236.57601228806374,-41.7369327855507
3,exterior,3063,236.57601205189331,-41.7369327972763
3,exterior,3064,235.81281601881756,-41.73693255102548
3,exterior,3065,235.81281502746316,-41.73693260028567
3,exterior,3066,235.81281404587565,-41.736932747581555
3,exterior,3067,235.8128130837257,-41.736932991461956
3,exterior,3068,235.8128121504926,-41.73693332952415
3,exterior,3069,235.81281125537055,-41.73693375843751
3,exterior,3070,235.81281040717846,-41.73693427397633
3,exterior,3071,235.81280961427274,-41.73693487106148
3,exterior,3072,235.81280888446526,-41.73693554381041
3,exterior,3073,235.81280822494608,-41.736936285595135
3,exterior,3074,235.81280764221287,-41.73693708910751
3,exterior,3075,235.8128071420068,-41.73693794643126
3,exterior,3076,235.81280672925593,-41.73693884911994
3,exterior,3077,235.81280640802674,-41.73693978828016
3,exterior,3078,235.812806181484,-41.73694075465923
3,exterior,3079,235.81280605185964,-41.736941738736284
3,exterior,3080,235.81280602043068,-41.73694273081609
3,exterior,3081,235.83955067005093,-43.2242466314475
3,exterior,3082,235.8395506625582,-43.2242468679611
3,exterior,3083,235.83955042621776,-43.2242468797048
3,exterior,3084,233.8506039400326,-43.224246219503684
3,exterior,3085,233.85060307226314,-43.22424625722574
3,exterior,3086,233.8506022110405,-43.22424637010788
3,exterior,3087,233.85060136286216,-43.224246557298464
3,exterior,3088,233.85060053412718,-43.22424681738526
3,exterior,3089,233.85060039581361,-43.22424686748913
3,exterior,3090,233.85060014997472,-43.2242468797048
3,exterior,3091,231.86165366378955,-43.22424621950369
3,exterior,3092,231.8616527960201,-43.224246257225744
3,exterior,3093,231.86165193479746,-43.22424637010788
3,exterior,3094,231.86165108661916,-43.224246557298464
3,exterior,3095,231.86165025788418,-43.22424681738525
3,exterior,3096,231.86165011957056,-43.22424686748913
3,exterior,3097,231.86164987373166,-43.2242468797048
3,exterior,3098,229.87270338754647,-43.22424621950368
3,exterior,3099,229.872702519777,-43.22424625722573
3,exterior,3100,229.87270165855438,-43.22424637010787
3,exterior,3101,229.87270081037605,-43.22424655729846
3,exterior,3102,229.87269998164106,-43.22424681738524
3,exterior,3103,229.8726998433274,-43.224246867489136
3,exterior,3104,229.87269959748852,-43.22424687970481
3,exterior,3105,228.9401701988855,-43.22424657016558
3,exterior,3106,228.9401692066437,-43.22424661951421
3,exterior,3107,228.94016822419505,-43.22424676707369
3,exterior,3108,228.94016726123618,-43.22424701138763
3,exterior,3109,228.94016632727124,-43.22424735004472
3,exterior,3110,228.94016543151832,-43.22424777970247
3,exterior,3111,228.94016458281826,-43.224248296120265
3,exterior,3112,228.9401637895476,-43.22424889420115
3,exterior,3113,228.9401630595357,-43.224249568042204
3,exterior,3114,228.94016239998768,-43.22425031099276
3,exterior,3115,228.94016181741313,-43.22425111572003
3,exterior,3116,228.94016131756192,-43.22425197428155
3,exterior,3117,228.94016090536746,-43.22425287820348
3,exterior,3118,228.94016058489808,-43.22425381856431
3,exterior,3119,228.9401603593167,-43.22425478608286
3,exterior,3120,228.94016023084978,-43.22425577120994
3,exterior,3121,228.94016020076526,-43.224256764222545
3,exterior,3122,228.96902752417708,-44.71154624343084
3,exterior,3123,228.96902751700569,-44.71154648014067
3,exterior,3124,228.96902728047937,-44.71154649190418
3,exterior,3125,226.93513285740667,-44.71154579836879
3,exterior,3126,226.9351319888598,-44.711545836158585
3,exterior,3127,226.9351311268774,-44.71154594924293
3,exterior,3128,226.93513027797434,-44.71154613676715
3,exterior,3129,226.93512944856664,-44.71154639731391
3,exterior,3130,226.93512922144998,-44.71154647966675
3,exterior,3131,226.93512897539463,-44.71154649190418
3,exterior,3132,224.90123455232194,-44.71154579836879
3,exterior,3133,224.90123368377508,-44.711545836158585
3,exterior,3134,224.90123282179266,-44.71154594924293
3,exterior,3135,224.9012319728896,-44.71154613676715
3,exterior,3136,224.9012311434819,-44.71154639731391
3,exterior,3137,224.90123091636525,-44.71154647966675
3,exterior,3138,224.9012306703099,-44.71154649190418
3,exterior,3139,222.55631830638563,-44.711545692315134
3,exterior,3140,222.5563180698592,-44.71154568055145
3,exterior,3141,222.5563180626881,-44.71154544384116
3,exterior,3142,222.58518729684837,-43.224256635397495
3,exterior,3143,222.5851872667651,-43.22425564238446
3,exterior,3144,222.58518713829935,-43.224254657256836
3,exterior,3145,222.58518691271905,-43.22425368973763
3,exterior,3146,222.5851865922506,-43.22425274937606
3,exterior,3147,222.58518618005704,-43.22425184545331
3,exterior,3148,222.58518568020654,-43.22425098689092
3,exterior,3149,222.58518509763257,-43.22425018216272
3,exterior,3150,222.58518443808504,-43.22424943921122
3,exterior,3151,222.58518370807352,-43.224248765369204
3,exterior,3152,222.58518291480308,-43.22424816728735
3,exterior,3153,222.58518206610316,-43.224247650868605
3,exterior,3154,222.5851811703502,-43.22424722120993
3,exterior,3155,222.58518023638518,-43.22424688255196
3,exterior,3156,222.58517927342612,-43.22424663823718
3,exterior,3157,222.5851782909772,-43.22424649067693
3,exterior,3158,222.58517729873503,-43.22424644132761
3,exterior,3159,221.91690228257394,-43.224246219503684
3,exterior,3160,221.91690141480444,-43.22424625722574
3,exterior,3161,221.9169005535818,-43.224246370107885
3,exterior,3162,221.91689970540344,-43.224246557298486
3,exterior,3163,221.91689887666845,-43.22424681738528
3,exterior,3164,221.91689873835492,-43.22424686748913
3,exterior,3165,221.91689849251605,-43.2242468797048
3,exterior,3166,219.6299866232728,-43.224246120598515
3,exterior,3167,219.62998638693227,-43.22424610885464
3,exterior,3168,219.62998637943983,-43.22424587234139
3,exterior,3169,219.6567328011679,-41.73694254093593
3,exterior,3170,219.6567327697401,-41.73694154885574
3,exterior,3171,219.65673264011684,-41.736940564778195
3,exterior,3172,219.65673241357507,-41.736939598398536
3,exterior,3173,219.65673209234677,-41.736938659237644
3,exterior,3174,219.6567316795967,-41.73693775654822
3,exterior,3175,219.65673117939133,-41.73693689922368
3,exterior,3176,219.65673059665872,-41.736936095710455
3,exterior,3177,219.65672993714,-41.73693535392485
3,exterior,3178,219.65672920733286,-41.73693468117502
3,exterior,3179,219.6567284144274,-41.73693408408898
3,exterior,3180,219.65672756623545,-41.73693356854927
3,exterior,3181,219.65672667111343,-41.73693313963504
3,exterior,3182,219.65672573788024,-41.73693280157202
3,exterior,3183,219.65672477573017,-41.73693255769083
3,exterior,3184,219.6567237941424,-41.7369324103942
3,exterior,3185,219.6567228027877,-41.73693236113334
3,exterior,3186,218.7752648789624,-41.73693207672445
3,exterior,3187,218.7752646427919,-41.7369320649987
4,exterior,0,358.6420698963097,-52.147763614973634
4,exterior,1,358.64206989132794,-52.147763376946216
4,exterior,2,358.6880168203776,-50.567624159626476
4,exterior,3,358.68801682103447,-50.56762413608229
4,exterior,4,358.7277525976241,-49.0805402814565
4,exterior,5,358.72775259816626,-49.08054026033016
4,exterior,6,358.76646623892276,-47.50719109282273
4,exterior,7,358.76646625575387,-47.5071908624141
4,exterior,8,358.7664664865067,-47.507190851255835
4,exterior,9,0.9091492764128583,-47.50719161700789
4,exterior,10,0.9091502424664986,-47.50719157023587
4,exterior,11,0.90915119948325,-47.507191430356656
4,exterior,12,0.9091521385107255,-47.50719119867874
4,exterior,13,0.9091530507648186,-47.50719087736934
4,exterior,14,0.9091539277118731,-47.50719046943415
4,exterior,15,0.909154761148512,-47.507189978689176
4,exterior,16,0.9091555432783751,-47.507189409725086
4,exterior,17,0.9091562667850501,-47.50718876786424
4,exterior,18,0.9091569249005135,-47.5071880591109
4,exterior,19,0.9091575114684423,-47.50718729009509
4,exterior,20,0.9091580210018029,-47.50718646801054
4,exterior,21,0.9091584487341795,-47.50718560054741
4,exterior,22,0.9091587906643612,-47.50718469582038
4,exterior,23,0.9091590435937718,-47.50718376229268
4,exterior,24,0.9091592051563896,-47.50718280869697
4,exterior,25,0.9091592738408818,-47.50718184395363
4,exterior,26,0.942920673474589,-46.01992310473826
4,exterior,27,0.9429206898985534,-46.019922874047026
4,exterior,28,0.9429209209031311,-46.01992286286281
4,exterior,29,2.9617545537982615,-46.019923566958475
4,exterior,30,2.9617555209238113,-46.01992352008235
4,exterior,31,2.9617564789823096,-46.01992337989278
4,exterior,32,2.961757418991678,-46.01992314770409
4,exterior,33,2.961758332139054,-46.019922825693115
4,exterior,34,2.961759209863415,-46.0199224168788
4,exterior,35,2.9617600439358376,-46.01992192509389
4,exterior,36,2.96176082653665,-46.01992135494903
4,exterior,37,2.9617615503287413,-46.019920711789474
4,exterior,38,2.9617622085263493,-46.01992000164505
4,exterior,39,2.9617627949586787,-46.01991923117355
4,exterior,40,2.9617633041277553,-46.01991840759839
4,exterior,41,2.9617637312599707,-46.01991753864081
4,exterior,42,2.961764072350835,-46.01991663244755
4,exterior,43,2.9617643242025227,-46.019915697514435
4,exterior,44,2.96176448445385,-46.01991474260674
4,exterior,45,2.961764551602414,-46.019913776676994
4,exterior,46,2.989209275232158,-44.7115559340518
4,exterior,47,2.9892092466264972,-44.71155494001767
4,exterior,48,2.98920911943326,-44.711553953739816
4,exterior,49,2.989208894910289,-44.711552984971746
4,exterior,50,2.989208575277942,-44.711552043293835
4,exterior,51,2.9892081636971333,-44.71155113801853
4,exterior,52,2.989207664238077,-44.711550278098315
4,exterior,53,2.989207081840034,-44.71154947203711
4,exterior,54,2.9892064222624675,-44.71154872780626
4,exterior,55,2.989205692028086,-44.71154805276561
4,exterior,56,2.9892048983583397,-44.71154745359079
4,exterior,57,2.9892040491020033,-44.71154693620717
4,exterior,58,2.989203152657561,-44.71154650573128
4,exterior,59,2.989202217890151,-44.71154616642018
4,exterior,60,2.989201254043894,-44.711545921629394
4,exterior,61,2.9892002706504797,-44.711545773779726
4,exterior,62,2.9891992774349028,-44.71154572433328
4,exterior,63,2.8953013572330786,-44.71154569231513
4,exterior,64,2.895301120706643,-44.711545680551446
4,exterior,65,2.8953011135355236,-44.711545443841295
4,exterior,66,2.9276433095468892,-43.04533615331539
4,exterior,67,2.9276433252654517,-43.04533592213826
4,exterior,68,2.927643556703995,-43.04533591090919
4,exterior,69,4.826564079518301,-43.04533653913053
4,exterior,70,4.826565048505157,-43.04533649207335
4,exterior,71,4.826566008372426,-43.04533635134407
4,exterior,72,4.826566950086317,-43.045336118267144
4,exterior,73,4.8265678647838905,-43.04533579503618
4,exterior,74,4.826568743856472,-43.045335384693274
4,exterior,75,4.826569579030671,-43.04533489110036
4,exterior,76,4.826570362446245,-43.04533431890289
4,exterior,77,4.8265710867300795,-43.045333673486105
4,exterior,78,4.8265717450655785,-43.045332960924334
4,exterior,79,4.826572331256817,-43.045332187923854
4,exterior,80,4.826572839786858,-43.045331361759764
4,exterior,81,4.826573265869671,-43.045330490207505
4,exterior,82,4.826573605495178,-43.04532958146969
4,exterior,83,4.826573855466993,-43.0453286440989
4,exterior,84,4.826574013432508,-43.045327686917204
4,exterior,85,4.82657407790503,-43.04532671893311
4,exterior,86,4.850102971280558,-41.73694229811182
4,exterior,87,4.850102939852795,-41.73694130603163
4,exterior,88,4.850102810229508,-41.73694032195409
4,exterior,89,4.850102583687759,-41.73693935557443
4,exterior,90,4.850102262459463,-41.73693841641353
4,exterior,91,4.850101849709394,-41.736937513724115
4,exterior,92,4.850101349504011,-41.736936656399564
4,exterior,93,4.8501007667713925,-41.73693585288634
4,exterior,94,4.850100107252683,-41.736935111100735
4,exterior,95,4.85009937744553,-41.736934438350914
4,exterior,96,4.850098584540076,-41.736933841264864
4,exterior,97,4.850097736348108,-41.736933325725154
4,exterior,98,4.850096841226106,-41.736932896810934
4,exterior,99,4.85009590799291,-41.73693255874791
4,exterior,100,4.850094945842833,-41.73693231486671
4,exterior,101,4.850093964255081,-41.736932167570096
4,exterior,102,4.850092972900364,-41.736932118309234
4,exterior,103,4.721210824908389,-41.73693207672446
4,exterior,104,4.721210588737915,-41.736932064998705
4,exterior,105,4.721210580951974,-41.736931828665554
4,exterior,106,4.748998755558807,-40.07069183174766
4,exterior,107,4.748998770688931,-40.07069160016876
4,exterior,108,4.74899900248791,-40.070691588902356
4,exterior,109,6.6949413079590485,-40.07069219604692
4,exterior,110,6.694942438748474,-40.070692131907336
4,exterior,111,6.6949435550321885,-40.07069194031068
4,exterior,112,6.69494464249052,-40.070691623714744
4,exterior,113,6.694944707855314,-40.070691600595474
4,exterior,114,6.694944948433847,-40.070691588902356
4,exterior,115,8.640887253904966,-40.07069219604692
4,exterior,116,8.640888384694392,-40.070692131907336
4,exterior,117,8.640889500978107,-40.07069194031068
4,exterior,118,8.64089058843644,-40.070691623714744
4,exterior,119,8.640890653801264,-40.07069160059547
4,exterior,120,8.640890894379782,-40.07069158890235
4,exterior,121,10.586833199850933,-40.07069219604692
4,exterior,122,10.586834330640363,-40.070692131907336
4,exterior,123,10.58683544692408,-40.07069194031068
4,exterior,124,10.586836534382416,-40.07069162371474
4,exterior,125,10.586836599747215,-40.07069160059547
4,exterior,126,10.586836840325747,-40.07069158890235
4,exterior,127,12.53277914579687,-40.07069219604692
4,exterior,128,12.5327802765863,-40.070692131907336
4,exterior,129,12.532781392870017,-40.07069194031068
4,exterior,130,12.532782480328352,-40.07069162371474
4,exterior,131,12.532782545693152,-40.07069160059547
4,exterior,132,12.532782786271683,-40.07069158890235
4,exterior,133,14.710387887587633,-40.070692268326965
4,exterior,134,14.710388119386586,-40.070692279593516
4,exterior,135,14.71038813451646,-40.0706925111725
4,exterior,136,14.73519075115707,-41.55801100803315
4,exterior,137,14.73519081445733,-41.558011976911665
4,exterior,138,14.73519097142098,-41.55801293508437
4,exterior,139,14.735191220568277,-41.55801387351824
4,exterior,140,14.735191559550428,-41.55801478336637
4,exterior,141,14.735191985171737,-41.55801565605131
4,exterior,142,14.735192493419735,-41.55801648334599
4,exterior,143,14.735193079503,-41.55801725745122
4,exterior,144,14.735193737896338,-41.558017971069276
4,exterior,145,14.735194462392858,-41.558018617472634
4,exterior,146,14.7351952461625,-41.55801919056744
4,exterior,147,14.735196081816406,-41.55801968495095
4,exterior,148,14.735196961476602,-41.55802009596245
4,exterior,149,14.73519787685024,-41.55802041972719
4,exterior,150,14.735198819307799,-41.558020653192955
4,exterior,151,14.735199779964423,-41.558020794158764
4,exterior,152,14.73520074976369,-41.55802084129571
4,exterior,153,15.036107749003756,-41.558020938045296
4,exterior,154,15.036107980630714,-41.55802094929401
4,exterior,155,15.036107996041975,-41.558021180681294
4,exterior,156,15.06285267550709,-43.04532674102297
4,exterior,157,15.06285273997849,-43.045327709007466
4,exterior,158,15.06285289794296,-43.045328666189675
4,exterior,159,15.062853147913817,-43.04532960356107
4,exterior,160,15.06285348753846,-43.04533051229957
4,exterior,161,15.062853913620506,-43.04533138385258
4,exterior,162,15.062854422149886,-43.04533221001746
4,exterior,163,15.06285500834057,-43.04533298301878
4,exterior,164,15.06285566667562,-43.04533369558142
4,exterior,165,15.062856390959118,-43.0453343409991
4,exterior,166,15.062857174374457,-43.04533491319745
4,exterior,167,15.062858009548528,-43.045335406791246
4,exterior,168,15.06285888862108,-43.045335817135005
4,exterior,169,15.062859803318716,-43.04533614036679
4,exterior,170,15.06286074503276,-43.0453363734445
4,exterior,171,15.062861704900259,-43.045336514174515
4,exterior,172,15.062862673887418,-43.04533656123237
4,exterior,173,15.377365201429038,-43.045336665279486
4,exterior,174,15.37736543286778,-43.04533667650872
4,exterior,175,15.377365448586055,-43.04533690768596
4,exterior,176,15.406232806777137,-44.53262817877567
4,exterior,177,15.40623287252609,-44.532629145781414
4,exterior,178,15.406233031581996,-44.532630101879874
4,exterior,179,15.406233282450648,-44.532631038089235
4,exterior,180,15.406233622775327,-44.532631945614526
4,exterior,181,15.406234049358947,-44.53263281593025
4,exterior,182,15.406234558194079,-44.53263364086046
4,exterior,183,15.406235144500613,-44.532634412655575
4,exterior,184,15.406235802770647,-44.532635124065166
4,exterior,185,15.406236526820242,-44.53263576840609
4,exterior,186,15.40623730984751,-44.532636339625256
4,exterior,187,15.406238144496513,-44.532636832356516
4,exterior,188,15.40623902292636,-44.53263724197102
4,exterior,189,15.406239936884887,-44.532637564620764
4,exterior,190,15.406240877786152,-44.5326377972747
4,exterior,191,15.406241836791112,-44.532637937747225
4,exterior,192,15.406242804890654,-44.53263798471871
4,exterior,193,15.735283199788647,-44.53263809656343
4,exterior,194,15.735283431020722,-44.532638107771305
4,exterior,195,15.735283447075101,-44.53263833871758
4,exterior,196,15.770231927037061,-46.19882982960517
4,exterior,197,15.77023192021866,-46.19883006653026
4,exterior,198,15.770231683488634,-46.19883007831551
4,exterior,199,14.061070546821451,-46.19882948042933
4,exterior,200,14.061069552534724,-46.19882952998206
4,exterior,201,14.061068568101955,-46.198829678149856
4,exterior,202,14.06106760327948,-46.19882992346427
4,exterior,203,14.061066667629284,-46.198830263494095
4,exterior,204,14.061065770424236,-46.19883069486942
4,exterior,205,14.06106492055619,-46.19883121331505
4,exterior,206,14.061064126447862,-46.19883181369288
4,exterior,207,14.061063395969356,-46.19883249005279
4,exterior,208,14.061062736360162,-46.19883323569162
4,exterior,209,14.061062154157412,-46.19883404321966
4,exterior,210,14.061061655131097,-46.19883490463379
4,exterior,211,14.061061244226874,-46.198835811396876
4,exterior,212,14.061060925517054,-46.19883675452233
4,exterior,213,14.061060702160251,-46.1988377246632
4,exterior,214,14.061060576370068,-46.1988387122048
4,exterior,215,14.061060549393162,-46.198839707359966
4,exterior,216,14.094819635203082,-47.686095620117946
4,exterior,217,14.09481962877406,-47.6860958572791
4,exterior,218,14.09481939181999,-47.686095869088284
4,exterior,219,12.213473336647935,-47.68609519481311
4,exterior,220,12.213472341176939,-47.68609524448424
4,exterior,221,12.213471355595214,-47.6860953930049
4,exterior,222,12.213470389693818,-47.68609563889963
4,exterior,223,12.213469453068305,-47.68609597972564
4,exterior,224,12.213468555023391,-47.68609641209708
4,exterior,225,12.213467704480522,-47.68609693171862
4,exterior,226,12.21346690988924,-47.6860975334282
4,exterior,227,12.213466179143255,-47.686098211248265
4,exterior,228,12.213465519502014,-47.68609895844513
4,exterior,229,12.213464937518587,-47.68609976759593
4,exterior,230,12.213464438974574,-47.68610063066232
4,exterior,231,12.213464028822656,-47.686101539070336
4,exterior,232,12.213463711137406,-47.68610248379559
4,exterior,233,12.213463489074801,-47.686103455452894
4,exterior,234,12.21346336484088,-47.68610444438952
4,exterior,235,12.21346333966982,-47.686105440781084
4,exterior,236,12.24565367966055,-48.99443032508617
4,exterior,237,12.245653750036638,-48.99443128851613
4,exterior,238,12.245653913042787,-48.9944322406606
4,exterior,239,12.245654167157907,-48.99443317263463
4,exterior,240,12.245654510010722,-48.99443407574151
4,exterior,241,12.2456549384019,-48.9944349415539
4,exterior,242,12.24565544833391,-48.99443576199246
4,exterior,243,12.245656035048318,-48.99443652940128
4,exterior,244,12.2456566930702,-48.99443723661927
4,exterior,245,12.245657416259224,-48.99443787704704
4,exterior,246,12.245658197866952,-48.99443844470843
4,exterior,247,12.245659030599809,-48.9944389343063
4,exterior,248,12.245659906687147,-48.99443934127198
4,exterior,249,12.245660817953759,-48.99443966180786
4,exterior,250,12.245661755896156,-48.99443989292287
4,exterior,251,12.245662711761932,-48.994440032460346
4,exterior,252,12.245663676631423,-48.994440079118206
4,exterior,253,12.590616574736272,-48.99444020528657
4,exterior,254,12.590616805209867,-48.994440216416244
4,exterior,255,12.590616822491281,-48.99444044651043
4,exterior,256,12.63513371924363,-50.660565418999845
4,exterior,257,12.635133713725498,-50.66056565670826
4,exterior,258,12.63513347624939,-50.660565668573355
4,exterior,259,10.665257695177482,-50.66056493017583
4,exterior,260,10.665256696927656,-50.66056498012534
4,exterior,261,10.665255708650285,-50.66056512947562
4,exterior,262,10.665254740218238,-50.660565376734674
4,exterior,263,10.665253801306127,-50.66056571943238
4,exterior,264,10.66525290129366,-50.660566154145194
4,exterior,265,10.665252049171947,-50.660566676530344
4,exterior,266,10.66525125345366,-50.66056728136923
4,exterior,267,10.665250522088003,-50.66056796261951
4,exterior,268,10.665249862381307,-50.66056871347552
4,exterior,269,10.665249280924025,-50.66056952643622
4,exterior,270,10.665248783524902,-50.66057039338015
4,exterior,271,10.665248375152942,-50.66057130564656
4,exterior,272,10.665248059887773,-50.66057225412194
4,exterior,273,10.665247840878886,-50.660573229331035
4,exterior,274,10.665247720314174,-50.660574221531526
4,exterior,275,10.665247699398076,-50.66057522081136
4,exterior,276,10.708488967550942,-52.14776441624465
4,exterior,277,10.708488962568753,-52.14776465427189
4,exterior,278,10.70848872478691,-52.147764666169806
4,exterior,279,8.370830749123133,-52.14776377157119
4,exterior,280,8.370829850413623,-52.147763812036665
4,exterior,281,8.370828958977484,-52.14776393310626
4,exterior,282,8.370828082029254,-52.14776413380015
4,exterior,283,8.370827226666215,-52.14776441249409
4,exterior,284,8.370826830742903,-52.14776458220995
4,exterior,285,8.370826634644988,-52.1477646537846
4,exterior,286,8.370826387124588,-52.147764666169806
4,exterior,287,6.033168411460783,-52.14776377157119
4,exterior,288,6.033167512751275,-52.147763812036665
4,exterior,289,6.033166621315139,-52.14776393310626
4,exterior,290,6.033165744366911,-52.14776413380015
4,exterior,291,6.033164889003876,-52.14776441249409
4,exterior,292,6.033164493080581,-52.147764582209945
4,exterior,293,6.033164296982639,-52.1477646537846
4,exterior,294,6.033164049462236,-52.147764666169806
4,exterior,295,3.695506073798431,-52.14776377157119
4,exterior,296,3.695505175088922,-52.147763812036665
4,exterior,297,3.695504283652784,-52.14776393310626
4,exterior,298,3.6955034067045545,-52.14776413380015
4,exterior,299,3.6955025513415176,-52.14776441249409
4,exterior,300,3.695502155418229,-52.147764582209945
4,exterior,301,3.69550195932029,-52.1477646537846
4,exterior,302,3.6955017117998854,-52.147764666169806
4,exterior,303,1.3578437361360955,-52.1477637715712
4,exterior,304,1.3578428374265943,-52.14776381203667
4,exterior,305,1.3578419459904638,-52.14776393310626
4,exterior,306,1.3578410690422413,-52.14776413380015
4,exterior,307,1.3578402136792111,-52.147764412494084
4,exterior,308,1.3578398177558546,-52.147764582209966
4,exterior,309,1.3578396216579698,-52.1477646537846
4,exterior,310,1.357839374137562,-52.147764666169806
4,exterior,311,358.64207013409174,-52.14776362687174
4,exterior,312,358.6420698963097,-52.147763614973634
5,exterior,0,294.66715653468367,-41.73693206499869
5,exterior,1,294.66715652689777,-41.736931828665575
5,exterior,2,294.6949447015046,-40.07069183174757
5,exterior,3,294.6949447166347,-40.07069160016876
5,exterior,4,294.6949449484337,-40.070691588902356
5,exterior,5,296.0539041214648,-40.07069201290499
5,exterior,6,296.0539050920094,-40.070691965696014
5,exterior,7,296.0539060533903,-40.07069182451423
5,exterior,8,296.05390699653026,-40.070691590692654
5,exterior,9,296.0539079125243,-40.07069126643899
5,exterior,10,296.05390879272375,-40.0706908548148
5,exterior,11,296.05390962881785,-40.070690359706575
5,exterior,12,296.0539104129124,-40.070689785789064
5,exterior,13,296.05391113760396,-40.0706891384811
5,exterior,14,296.0539117960502,-40.07068842389449
5,exterior,15,296.05391238203424,-40.070687648776236
5,exterior,16,296.0539128900231,-40.0706868204449
5,exterior,17,296.0539133152206,-40.070685946721476
5,exterior,18,296.05391365361197,-40.07068503585552
5,exterior,19,296.05391390200225,-40.07068409644731
5,exterior,20,296.05391405804613,-40.070683137366586
5,exterior,21,296.0539141202703,-40.07068216766886
5,exterior,22,296.0741659426734,-38.76227623709703
5,exterior,23,296.07416590889227,-38.7622752466583
5,exterior,24,296.07416577724365,-38.76227426442681
5,exterior,25,296.0741655490205,-38.76227330004916
5,exterior,26,296.0741652264642,-38.762272362996605
5,exterior,27,296.07416481274265,-38.76227146247203
5,exterior,28,296.074164311919,-38.76227060731957
5,exterior,29,296.0741637289119,-38.76226980593777
5,exterior,30,296.07416306944714,-38.76226906619708
5,exterior,31,296.0741623400014,-38.76226839536257
5,exterior,32,296.0741615477386,-38.76226780002257
5,exterior,33,296.0741607004396,-38.76226728602398
5,exterior,34,296.07415980642594,-38.76226685841482
5,exterior,35,296.07415887447775,-38.762266521394686
5,exterior,36,296.07415791374774,-38.7622662782735
5,exterior,37,296.07415693367136,-38.76226613143896
5,exterior,38,296.0741559438741,-38.762266082333156
5,exterior,39,295.5117216738642,-38.762265911659426
5,exterior,40,295.511721437994,-38.7622658999656
5,exterior,41,295.51172142969153,-38.762265663951595
5,exterior,42,295.5356722434851,-37.09600040647578
5,exterior,43,295.53567225811776,-37.09600017455963
5,exterior,44,295.5356724902201,-37.096000163261735
5,exterior,45,297.40095399827777,-37.09600070855525
5,exterior,46,297.40095513073544,-37.09600064422565
5,exterior,47,297.40095624862295,-37.096000452063834
5,exterior,48,297.4009570615176,-37.09600021503248
5,exterior,49,297.40095722280194,-37.096000175017615
5,exterior,50,297.40095746431336,-37.09600016326173
5,exterior,51,299.266238972371,-37.096000708555245
5,exterior,52,299.2662401048287,-37.09600064422564
5,exterior,53,299.2662412227162,-37.096000452063834
5,exterior,54,299.2662420356107,-37.096000215032525
5,exterior,55,299.2662421968952,-37.09600017501763
5,exterior,56,299.26624243840655,-37.09600016326174
5,exterior,57,301.13152394646426,-37.09600070855525
5,exterior,58,301.1315250789219,-37.09600064422565
5,exterior,59,301.13152619680943,-37.096000452063834
5,exterior,60,301.1315270097041,-37.09600021503248
5,exterior,61,301.1315271709884,-37.096000175017615
5,exterior,62,301.13152741249985,-37.09600016326173
5,exterior,63,303.22073456888927,-37.09600077401733
5,exterior,64,303.22073480099175,-37.09600078531537
5,exterior,65,303.2207348156242,-37.096001017231515
5,exterior,66,303.24211235312765,-38.58334179490972
5,exterior,67,303.2421124143571,-38.58334276536156
5,exterior,68,303.24211256955044,-38.58334372527866
5,exterior,69,303.2421128172403,-38.58334466558476
5,exterior,70,303.24211315508467,-38.583345577389025
5,exterior,71,303.24211357988906,-38.58334645207011
5,exterior,72,303.242114087637,-38.583347281357675
5,exterior,73,303.2421146735275,-38.583348057410596
5,exterior,74,303.24211533202083,-38.58334877289109
5,exterior,75,303.2421160568908,-38.58334942103411
5,exterior,76,303.2421168412835,-38.58334999571129
5,exterior,77,303.2421176777824,-38.58335049148891
5,exterior,78,303.2421185584781,-38.58335090367926
5,exterior,79,303.2421194750434,-38.58335122838499
5,exterior,80,303.242120418812,-38.58335146253591
5,exterior,81,303.24212138086034,-38.58335160391806
5,exterior,82,303.2421223520919,-38.58335165119465
5,exterior,83,303.69597969755887,-38.583351788383865
5,exterior,84,303.69598082921664,-38.58335172414541
5,exterior,85,303.69598194633517,-38.58335153225469
5,exterior,86,303.6959829740699,-38.583351232802706
5,exterior,87,303.6959830081062,-38.583351224364485
5,exterior,88,303.6959832494487,-38.58335121262516
5,exterior,89,305.82775523166714,-38.58335185700416
5,exterior,90,305.82775546362416,-38.58335186828709
5,exterior,91,305.8277554784953,-38.583352100041644
5,exterior,92,305.85354442957396,-40.249605370220195
5,exterior,93,305.8535444215187,-40.24960560638733
5,exterior,94,305.8535441855046,-40.249605618096304
5,exterior,95,304.65932780858475,-40.249605244113106
5,exterior,96,304.6593268180423,-40.24960529329245
5,exterior,97,304.6593258372427,-40.24960544034736
5,exterior,98,304.659324875833,-40.249605683831426
5,exterior,99,304.6593239432697,-40.249606021349756
5,exterior,100,304.6593230487253,-40.24960644958254
5,exterior,101,304.65932220099853,-40.24960696431771
5,exterior,102,304.65932140842756,-40.24960756049236
5,exterior,103,304.659320678808,-40.24960823224257
5,exterior,104,304.65932001931645,-40.24960897296105
5,exterior,105,304.65931943643955,-40.24960977536214
5,exterior,106,304.65931893591045,-40.24961063155348
5,exterior,107,304.6593185226523,-40.24961153311363
5,exterior,108,304.65931820072996,-40.24961247117492
5,exterior,109,304.6593179733097,-40.24961343651063
5,exterior,110,304.6593178426285,-40.24961441962579
5,exterior,111,304.65931780997175,-40.24961541085055
5,exterior,112,304.68113669473956,-41.558010866306056
5,exterior,113,304.6811367580398,-41.55801183518457
5,exterior,114,304.68113691500344,-41.55801279335728
5,exterior,115,304.68113716415075,-41.55801373179115
5,exterior,116,304.6811375031329,-41.558014641639275
5,exterior,117,304.6811379287542,-41.55801551432422
5,exterior,118,304.68113843700223,-41.558016341618895
5,exterior,119,304.6811390230855,-41.55801711572413
5,exterior,120,304.68113968147884,-41.55801782934218
5,exterior,121,304.6811404059753,-41.558018475745534
5,exterior,122,304.681141189745,-41.55801904884035
5,exterior,123,304.6811420253989,-41.55801954322386
5,exterior,124,304.68114290505906,-41.558019954235355
5,exterior,125,304.68114382043274,-41.5580202780001
5,exterior,126,304.6811447628903,-41.55802051146586
5,exterior,127,304.68114572354693,-41.55802065243167
5,exterior,128,304.6811466933462,-41.558020699568615
5,exterior,129,305.42284808049544,-41.558020938045296
5,exterior,130,305.42284831212237,-41.55802094929401
5,exterior,131,305.42284832753364,-41.55802118068115
5,exterior,132,305.4528103385592,-43.22424663144764
5,exterior,133,305.4528103310665,-43.2242468679611
5,exterior,134,305.45281009472603,-43.2242468797048
5,exterior,135,304.19440748492167,-43.22424646199683
5,exterior,136,304.19440649267983,-43.224246511345456
5,exterior,137,304.1944055102312,-43.22424665890493
5,exterior,138,304.1944045472723,-43.22424690321888
5,exterior,139,304.1944036133074,-43.224247241875965
5,exterior,140,304.19440271755445,-43.224247671533725
5,exterior,141,304.1944018688544,-43.22424818795151
5,exterior,142,304.19440107558376,-43.2242487860324
5,exterior,143,304.19440034557186,-43.224249459873455
5,exterior,144,304.1943996860238,-43.224250202824
5,exterior,145,304.19439910344926,-43.22425100755128
5,exterior,146,304.1943986035981,-43.224251866112795
5,exterior,147,304.1943981914036,-43.224252770034724
5,exterior,148,304.1943978709342,-43.22425371039555
5,exterior,149,304.19439764535286,-43.224254677914104
5,exterior,150,304.19439751688594,-43.224255663041184
5,exterior,151,304.1943974868014,-43.22425665605379
5,exterior,152,304.2232648123128,-44.711546243430554
5,exterior,153,304.22326480514135,-44.71154648014067
5,exterior,154,304.22326456861504,-44.71154649190418
5,exterior,155,302.1893701455423,-44.71154579836879
5,exterior,156,302.1893692769954,-44.711545836158585
5,exterior,157,302.189368415013,-44.711545949242925
5,exterior,158,302.1893675661099,-44.71154613676713
5,exterior,159,302.18936673670225,-44.711546397313896
5,exterior,160,302.1893665095856,-44.711546479666744
5,exterior,161,302.1893662635302,-44.71154649190418
5,exterior,162,300.1554718404575,-44.71154579836879
5,exterior,163,300.15547097191063,-44.711545836158585
5,exterior,164,300.1554701099283,-44.711545949242925
5,exterior,165,300.1554692610252,-44.71154613676713
5,exterior,166,300.1554684316175,-44.711546397313896
5,exterior,167,300.15546820450083,-44.711546479666744
5,exterior,168,300.15546795844546,-44.71154649190418
5,exterior,169,298.1215735353728,-44.71154579836879
5,exterior,170,298.12157266682595,-44.711545836158585
5,exterior,171,298.12157180484354,-44.711545949242925
5,exterior,172,298.12157095594046,-44.71154613676713
5,exterior,173,298.1215701265328,-44.711546397313896
5,exterior,174,298.12156989941616,-44.711546479666744
5,exterior,175,298.1215696533607,-44.71154649190418
5,exterior,176,295.7766572894364,-44.71154569231513
5,exterior,177,295.7766570529101,-44.711545680551446
5,exterior,178,295.776657045739,-44.71154544384115
5,exterior,179,295.80552628228844,-43.22425651230892
5,exterior,180,295.8055262522052,-43.22425551929589
5,exterior,181,295.8055261237394,-43.22425453416826
5,exterior,182,295.80552589815915,-43.224253566649054
5,exterior,183,295.8055255776907,-43.22425262628749
5,exterior,184,295.8055251654971,-43.224251722364734
5,exterior,185,295.8055246656466,-43.22425086380235
5,exterior,186,295.80552408307267,-43.224250059074144
5,exterior,187,295.80552342352513,-43.224249316122645
5,exterior,188,295.8055226935136,-43.22424864228063
5,exterior,189,295.80552190024315,-43.224248044198774
5,exterior,190,295.8055210515432,-43.22424752778003
5,exterior,191,295.8055201557903,-43.22424709812135
5,exterior,192,295.8055192218253,-43.224246759463384
5,exterior,193,295.8055182588662,-43.22424651514861
5,exterior,194,295.8055172764173,-43.22424636758836
5,exterior,195,295.8055162841751,-43.22424631823903
5,exterior,196,295.21009712051045,-43.22424612059853
5,exterior,197,295.21009688416984,-43.22424610885465
5,exterior,198,295.2100968766774,-43.22424587234116
5,exterior,199,295.23684330021456,-41.736942440337366
5,exterior,200,295.2368432687868,-41.73694144825718
5,exterior,201,295.2368431391635,-41.73694046417963
5,exterior,202,295.2368429126218,-41.73693949779997
5,exterior,203,295.2368425913935,-41.736938558639075
5,exterior,204,295.2368421786434,-41.73693765594966
5,exterior,205,295.236841678438,-41.73693679862511
5,exterior,206,295.2368410957054,-41.736935995111885
5,exterior,207,295.2368404361867,-41.73693525332628
5,exterior,208,295.23683970637956,-41.73693458057646
5,exterior,209,295.23683891347406,-41.73693398349041
5,exterior,210,295.2368380652821,-41.7369334679507
5,exterior,211,295.23683717016013,-41.73693303903648
5,exterior,212,295.23683623692693,-41.736932700973455
5,exterior,213,295.2368352747768,-41.73693245709226
5,exterior,214,295.2368342931891,-41.73693230979564
5,exterior,215,295.2368333018344,-41.73693226053478
5,exterior,216,294.66715677085415,-41.73693207672445
5,exterior,217,294.66715653468367,-41.73693206499869
6,exterior,0,273.0479550252107,-47.68609497008184
6,exterior,1,273.047955018782,-47.68609473292065
6,exterior,2,273.0857778163317,-46.019923104738304
6,exterior,3,273.08577783275564,-46.01992287404702
6,exterior,4,273.08577806376024,-46.019922862862806
6,exterior,5,275.2286311737518,-46.019923610211954
6,exterior,6,275.22863230611506,-46.01992354589317
6,exterior,7,275.22863342391184,-46.019923353763424
6,exterior,8,275.228634512763,-46.019923036294244
6,exterior,9,275.22863497002646,-46.019922874317494
6,exterior,10,275.22863520661735,-46.01992286286281
6,exterior,11,275.56291063548645,-46.01992297944591
6,exterior,12,275.56291160261196,-46.019922932569784
6,exterior,13,275.5629125606705,-46.019922792380214
6,exterior,14,275.5629135006798,-46.019922560191524
6,exterior,15,275.56291441382723,-46.01992223818055
6,exterior,16,275.5629152915516,-46.019921829366226
6,exterior,17,275.562916125624,-46.01992133758132
6,exterior,18,275.5629169082248,-46.01992076743646
6,exterior,19,275.5629176320169,-46.01992012427691
6,exterior,20,275.5629182902145,-46.019919414132474
6,exterior,21,275.56291887664685,-46.01991864366098
6,exterior,22,275.5629193858159,-46.019917820085816
6,exterior,23,275.5629198129481,-46.01991695112824
6,exterior,24,275.562920154039,-46.01991604493498
6,exterior,25,275.5629204058907,-46.01991511000187
6,exterior,26,275.562920566142,-46.01991415509417
6,exterior,27,275.56292063329056,-46.01991318916443
6,exterior,28,275.59411842009627,-44.53263754410676
6,exterior,29,275.59411843615095,-44.53263731316047
6,exterior,30,275.59411866738293,-44.53263730195277
6,exterior,31,277.47503520210546,-44.532637941298574
6,exterior,32,277.47503617020465,-44.532637894327785
6,exterior,33,277.47503712920934,-44.53263775385602
6,exterior,34,277.4750380701104,-44.53263752120291
6,exterior,35,277.4750389840688,-44.532637198554035
6,exterior,36,277.47503986249865,-44.53263678894044
6,exterior,37,277.4750406971478,-44.53263629621012
6,exterior,38,277.47504148017526,-44.5326357249919
6,exterior,39,277.4750422042252,-44.53263508065193
6,exterior,40,277.4750428624957,-44.53263436924328
6,exterior,41,277.4750434488028,-44.53263359744909
6,exterior,42,277.4750439576386,-44.532632772519754
6,exterior,43,277.47504438422305,-44.532631902204855
6,exterior,44,277.47504472454864,-44.53263099468031
6,exterior,45,277.4750449754183,-44.532630058471625
6,exterior,46,277.47504513447535,-44.53262910237374
6,exterior,47,277.4750452002255,-44.532628135368455
6,exterior,48,277.50391449598754,-43.04533615331547
6,exterior,49,277.5039145117061,-43.045335922138264
6,exterior,50,277.50391474314466,-43.04533591090919
6,exterior,51,279.5378092217319,-43.04533658378407
6,exterior,52,279.5378103505415,-43.04533651986962
6,exterior,53,279.53781146492173,-43.04533632894257
6,exterior,54,279.53781255062734,-43.0453360134435
6,exterior,55,279.537812808066,-43.04533592256158
6,exterior,56,279.5378130482294,-43.04533591090919
6,exterior,57,281.8180431675307,-43.045336665279486
6,exterior,58,281.8180433989694,-43.045336676508725
6,exterior,59,281.8180434146877,-43.04533690768591
6,exterior,60,281.8469107596929,-44.532627499418204
6,exterior,61,281.84691082544185,-44.53262846642395
6,exterior,62,281.84691098449775,-44.53262942252241
6,exterior,63,281.8469112353664,-44.53263035873177
6,exterior,64,281.8469115756911,-44.53263126625706
6,exterior,65,281.84691200227473,-44.532632136572786
6,exterior,66,281.84691251110985,-44.532632961503
6,exterior,67,281.8469130974164,-44.53263373329811
6,exterior,68,281.8469137556864,-44.5326344447077
6,exterior,69,281.84691447973603,-44.532635089048625
6,exterior,70,281.8469152627633,-44.5326356602678
6,exterior,71,281.8469160974123,-44.53263615299905
6,exterior,72,281.84691697584213,-44.53263656261356
6,exterior,73,281.84691788980064,-44.5326368852633
6,exterior,74,281.8469188307019,-44.53263711791724
6,exterior,75,281.8469197897069,-44.53263725838976
6,exterior,76,281.8469207578064,-44.53263730536125
6,exterior,77,284.1745895581701,-44.53263809656343
6,exterior,78,284.17458978940215,-44.532638107771305
6,exterior,79,284.17458980545655,-44.53263833871765
6,exterior,80,284.2057854972263,-46.01991321407181
6,exterior,81,284.2057855643736,-46.01991418000208
6,exterior,82,284.20578572462375,-46.01991513491043
6,exterior,83,284.2057859764743,-46.01991606984429
6,exterior,84,284.2057863175642,-46.01991697603838
6,exterior,85,284.2057867446956,-46.01991784499686
6,exterior,86,284.20578725386395,-46.01991866857299
6,exterior,87,284.20578784029567,-46.01991943904548
6,exterior,88,284.20578849849284,-46.01992014919094
6,exterior,89,284.2057892222846,-46.01992079235152
6,exterior,90,284.2057900048852,-46.01992136249741
6,exterior,91,284.2057908389575,-46.019921854283325
6,exterior,92,284.2057917166819,-46.01992226309861
6,exterior,93,284.20579262982943,-46.01992258511051
6,exterior,94,284.20579356983905,-46.01992281730006
6,exterior,95,284.20579452789787,-46.01992295749042
6,exterior,96,284.20579549502384,-46.019923004367264
6,exterior,97,286.1998562522365,-46.01992369982305
6,exterior,98,286.1998564832411,-46.019923711007436
6,exterior,99,286.19985649966475,-46.01992394169863
6,exterior,100,286.23361563029806,-47.5071818291511
6,exterior,101,286.2336156989811,-47.50718279389503
6,exterior,102,286.2336158605425,-47.50718374749147
6,exterior,103,286.2336161134707,-47.50718468102
6,exterior,104,286.2336164553999,-47.507185585747955
6,exterior,105,286.23361688313133,-47.50718645321208
6,exterior,106,286.233617392664,-47.50718727529768
6,exterior,107,286.23361797923127,-47.50718804431459
6,exterior,108,286.23361863734624,-47.507188753069045
6,exterior,109,286.23361936085263,-47.50718939493101
6,exterior,110,286.2336201429823,-47.5071899638962
6,exterior,111,286.2336209764189,-47.50719045464225
6,exterior,112,286.233621853366,-47.507190862578476
6,exterior,113,286.2336227656203,-47.50719118388885
6,exterior,114,286.23362370464804,-47.507191415567675
6,exterior,115,286.2336246616652,-47.50719155544771
6,exterior,116,286.2336256277193,-47.50719160222047
6,exterior,117,286.5993049645869,-47.50719173290697
6,exterior,118,286.59930519534,-47.50719174406541
6,exterior,119,286.59930521217075,-47.507191974474246
6,exterior,120,286.64029955791295,-49.173341591589626
6,exterior,121,286.6402995519152,-49.173341829010866
6,exterior,122,286.6402993147135,-49.17334184084654
6,exterior,123,286.55767127791614,-49.173341810543015
6,exterior,124,286.557670281131,-49.1733418603457
6,exterior,125,286.5576692942744,-49.17334200925842
6,exterior,126,286.557668327176,-49.17334225579791
6,exterior,127,286.55766738946875,-49.173342597508494
6,exterior,128,286.55766649049275,-49.173343030986516
6,exterior,129,286.5576656392024,-49.17334355191428
6,exterior,130,286.55766484407707,-49.17334415510302
6,exterior,131,286.5576641130366,-49.17334483454461
6,exterior,132,286.5576634533627,-49.173345583471395
6,exterior,133,286.5576628716261,-49.17334639442362
6,exterior,134,286.55766237362127,-49.1733472593237
6,exterior,135,286.5576619643085,-49.17334816955669
6,exterior,136,286.55766164776503,-49.17334911605613
6,exterior,137,286.5576614271436,-49.173350089394305
6,exterior,138,286.5576613046419,-49.17335107987617
6,exterior,139,286.55766128148,-49.17335207763592
6,exterior,140,286.5973978701871,-50.66056541899985
6,exterior,141,286.59739786466895,-50.66056565670826
6,exterior,142,286.59739762719283,-50.66056566857335
6,exterior,143,284.333250949943,-50.66056481986994
6,exterior,144,284.33325005255296,-50.66056486021645
6,exterior,145,284.33324916240423,-50.66056498093106
6,exterior,146,284.33324828667975,-50.66056518103969
6,exterior,147,284.3332474324461,-50.6605654589276
6,exterior,148,284.3332472034697,-50.66056555691871
6,exterior,149,284.3332469309597,-50.660565656224264
6,exterior,150,284.3332466837965,-50.660565668573355
6,exterior,151,284.17175122138036,-50.660565608037636
6,exterior,152,284.1717502231305,-50.66056565798715
6,exterior,153,284.17174923485317,-50.66056580733743
6,exterior,154,284.1717482664211,-50.66056605459648
6,exterior,155,284.171747327509,-50.66056639729418
6,exterior,156,284.17174642749654,-50.66056683200699
6,exterior,157,284.1717455753748,-50.66056735439215
6,exterior,158,284.17174477965654,-50.66056795923103
6,exterior,159,284.17174404829086,-50.660568640481316
6,exterior,160,284.1717433885842,-50.660569391337326
6,exterior,161,284.1717428071269,-50.660570204298025
6,exterior,162,284.1717423097278,-50.660571071241954
6,exterior,163,284.1717419013558,-50.66057198350837
6,exterior,164,284.17174158609066,-50.660572931983744
6,exterior,165,284.1717413670818,-50.66057390719284
6,exterior,166,284.17174124651706,-50.66057489939333
6,exterior,167,284.17174122560095,-50.660575898673166
6,exterior,168,284.2149824740444,-52.147764416244605
6,exterior,169,284.21498246906225,-52.14776465427189
6,exterior,170,284.2149822312804,-52.147764666169806
6,exterior,171,281.8773242556166,-52.14776377157119
6,exterior,172,281.8773233569071,-52.147763812036665
6,exterior,173,281.8773224654709,-52.14776393310627
6,exterior,174,281.8773215885227,-52.147764133800166
6,exterior,175,281.87732073315965,-52.14776441249411
6,exterior,176,281.87732033723637,-52.14776458220996
6,exterior,177,281.8773201411385,-52.1477646537846
6,exterior,178,281.87731989361805,-52.147764666169806
6,exterior,179,279.5396619179542,-52.14776377157119
6,exterior,180,279.5396610192447,-52.147763812036665
6,exterior,181,279.5396601278086,-52.14776393310627
6,exterior,182,279.5396592508603,-52.147764133800166
6,exterior,183,279.53965839549727,-52.14776441249411
6,exterior,184,279.539657999574,-52.14776458220996
6,exterior,185,279.5396578034761,-52.1477646537846
6,exterior,186,279.5396575559557,-52.147764666169806
6,exterior,187,276.8238883159099,-52.14776362687174
6,exterior,188,276.8238880781279,-52.147763614973634
6,exterior,189,276.8238880731461,-52.147763376946
6,exterior,190,276.86713217823456,-50.66057570670597
6,exterior,191,276.8671321573203,-50.660574707425354
6,exterior,192,276.8671320367573,-50.66057371522391
6,exterior,193,276.86713181774996,-50.66057274001371
6,exterior,194,276.8671315024862,-50.6605717915371
6,exterior,195,276.8671310941154,-50.66057087926936
6,exterior,196,276.8671305967172,-50.66057001232402
6,exterior,197,276.86713001526067,-50.66056919936188
6,exterior,198,276.86712935555454,-50.66056844850441
6,exterior,199,276.8671286241892,-50.660567767252665
6,exterior,200,276.8671278284711,-50.660567162412356
6,exterior,201,276.86712697634937,-50.66056664002583
6,exterior,202,276.8671260763367,-50.66056620531171
6,exterior,203,276.86712513742424,-50.660565862612806
6,exterior,204,276.8671241689917,-50.660565615352674
6,exterior,205,276.86712318071375,-50.66056546600143
6,exterior,206,276.86712218246316,-50.66056541605109
6,exterior,207,274.9119487376206,-50.66056468316466
6,exterior,208,274.91194850014426,-50.660564671299376
6,exterior,209,274.91194849462653,-50.66056443359087
6,exterior,210,274.9516877110262,-49.17335184646277
6,exterior,211,274.95168768786607,-49.17335084870233
6,exterior,212,274.95168756536594,-49.17334985821961
6,exterior,213,274.951687344746,-49.17334888488045
6,exterior,214,274.9516870282037,-49.1733479383799
6,exterior,215,274.9516866188921,-49.1733470281457
6,exterior,216,274.9516861208881,-49.17334616324435
6,exterior,217,274.9516855391522,-49.17334535229081
6,exterior,218,274.9516848794789,-49.17334460336268
6,exterior,219,274.9516841484388,-49.173343923919745
6,exterior,220,274.9516833533136,-49.17334332072969
6,exterior,221,274.9516825020233,-49.17334279980066
6,exterior,222,274.9516816030472,-49.17334236632143
6,exterior,223,274.9516806653396,-49.173342024609724
6,exterior,224,274.9516796982408,-49.1733417780692
6,exterior,225,274.9516787113837,-49.173341629155566
6,exterior,226,274.9516777145979,-49.17334157935208
6,exterior,227,273.11571330838916,-49.17334090601892
6,exterior,228,273.11571307118743,-49.173340894183056
6,exterior,229,273.11571306519,-49.17334065676199
6,exterior,230,273.1523078007106,-47.68610526527196
6,exterior,231,273.15230777554115,-47.68610426887979
6,exterior,232,273.15230765130866,-47.686103279942394
6,exterior,233,273.1523074292474,-47.68610230828419
6,exterior,234,273.15230711156335,-47.68610136355794
6,exterior,235,273.15230670141244,-47.686100455148825
6,exterior,236,273.1523062028693,-47.686099592081284
6,exterior,237,273.1523056208865,-47.686098782929285
6,exterior,238,273.1523049612458,-47.68609803573119
6,exterior,239,273.1523042305002,-47.6860973579099
6,exterior,240,273.15230343590906,-47.686096756199106
6,exterior,241,273.1523025853663,-47.68609623657638
6,exterior,242,273.15230168732126,-47.68609580420382
6,exterior,243,273.15230075069553,-47.68609546337675
6,exterior,244,273.1522997847938,-47.686095217481046
6,exterior,245,273.1522987992116,-47.68609506895952
6,exterior,246,273.15229780374005,-47.68609501928761
6,exterior,247,273.0479552621648,-47.68609498189121
6,exterior,248,273.0479550252107,-47.68609497008184
7,exterior,0,212.3430914827202,-17.938723228549645
7,exterior,1,212.34309147225937,-17.938722993893755
7,exterior,2,212.350896317028,-16.272367361412535
7,exterior,3,212.35089632955174,-16.272367128092274
7,exterior,4,212.35089656292837,-16.272367116661485
7,exterior,5,212.9781153091327,-16.27236720184576
7,exterior,6,212.978116286678,-16.272367153951464
7,exterior,7,212.97811725485948,-16.272367010727077
7,exterior,8,212.97811820440307,-16.272366773544533
7,exterior,9,212.97811912621324,-16.27236644467577
7,exterior,10,212.97812001146002,-16.272366027270998
7,exterior,11,212.97812085166376,-16.272365525328475
7,exterior,12,212.97812163877626,-16.27236494365626
7,exterior,13,212.9781223652578,-16.272364287826125
7,exterior,14,212.97812302414957,-16.272363564120187
7,exterior,15,212.97812360914006,-16.272362779470747
7,exterior,16,212.97812411462576,-16.27236194139387
7,exterior,17,212.97812453576464,-16.272361057917404
7,exterior,18,212.97812486852266,-16.272360137504062
7,exterior,19,212.9781251097124,-16.272359188970388
7,exterior,20,212.97812525702352,-16.27235822140227
7,exterior,21,212.97812530904494,-16.272357244067937
7,exterior,22,212.9844055914469,-14.784933508549805
7,exterior,23,212.98440560386956,-14.78493327516298
7,exterior,24,212.98440583730672,-14.78493326372585
7,exterior,25,214.2229481019044,-14.784933416920536
7,exterior,26,214.22294907972704,-14.78493336899898
7,exterior,27,214.22295004817792,-14.784933225693358
7,exterior,28,214.22295099797506,-14.784932988377163
7,exterior,29,214.2229519200153,-14.784932659324912
7,exterior,30,214.2229528054615,-14.784932241690353
7,exterior,31,214.22295364582723,-14.784931739476235
7,exterior,32,214.22295443305816,-14.784931157495947
7,exterior,33,214.2229551596092,-14.784930501327384
7,exterior,34,214.22295581851685,-14.784929777259487
7,exterior,35,214.2229564034659,-14.784928992231963
7,exterior,36,214.22295690885,-14.784928153768782
7,exterior,37,214.22295732982536,-14.784927269906055
7,exterior,38,214.2229576623573,-14.784926349115022
7,exterior,39,214.22295790325862,-14.78492540022085
7,exterior,40,214.22295805022046,-14.784924432318062
7,exterior,41,214.22295810183434,-14.784923454683364
7,exterior,42,214.22857508346232,-13.297497348730111
7,exterior,43,214.22857509578725,-13.297497115279581
7,exterior,44,214.22857532928296,-13.297497103836317
7,exterior,45,215.753997009984,-13.29749727389478
7,exterior,46,215.7539984737868,-13.297497166178877
7,exterior,47,215.7539988143742,-13.297497115780768
7,exterior,48,215.75399905809647,-13.297497103836317
7,exterior,49,217.27942073879763,-13.29749727389478
7,exterior,50,217.27942220260041,-13.297497166178877
7,exterior,51,217.27942254318782,-13.297497115780768
7,exterior,52,217.2794227869101,-13.297497103836317
7,exterior,53,218.99170658611658,-13.297497294726716
7,exterior,54,218.9917068196123,-13.297497306170031
7,exterior,55,218.99170683193717,-13.297497539620531
7,exterior,56,218.9973234385498,-14.784923474347568
7,exterior,57,218.99732349016347,-14.784924451982281
7,exterior,58,218.99732363712508,-14.784925419885106
7,exterior,59,218.99732387802615,-14.784926368779338
7,exterior,60,218.99732421055782,-14.784927289570458
7,exterior,61,218.997324631533,-14.78492817343329
7,exterior,62,218.99732513691688,-14.7849290118966
7,exterior,63,218.99732572186574,-14.78492979692427
7,exterior,64,218.9973263807732,-14.784930520992335
7,exterior,65,218.99732710732405,-14.78493117716108
7,exterior,66,218.99732789455484,-14.784931759141568
7,exterior,67,218.99732873492047,-14.784932261355896
7,exterior,68,218.99732962036657,-14.784932678990678
7,exterior,69,218.99733054240673,-14.78493300804316
7,exterior,70,218.9973314922038,-14.784933245359593
7,exterior,71,218.99733246065466,-14.784933388665456
7,exterior,72,218.99733343847728,-14.784933436587258
7,exterior,73,219.3232290310754,-14.784933476897123
7,exterior,74,219.3232292645126,-14.784933488334312
7,exterior,75,219.3232292769352,-14.784933721721062
7,exterior,76,219.3302645989495,-16.45129229912111
7,exterior,77,219.3302645883864,-16.451292533711907
7,exterior,78,219.33026435384235,-16.451292545265304
7,exterior,79,218.72285523724963,-16.451292461889285
7,exterior,80,218.72285425416513,-16.45129251032923
7,exterior,81,218.72285328060474,-16.451292655180044
7,exterior,82,218.72285232600035,-16.45129289503841
7,exterior,83,218.7228513996002,-16.45129322758058
7,exterior,84,218.7228505103792,-16.451293649584876
7,exterior,85,218.72284966695221,-16.451294156962916
7,exterior,86,218.72284887749035,-16.451294744799217
7,exterior,87,218.7228481496419,-16.451295407398803
7,exterior,88,218.7228474904583,-16.451296138342403
7,exterior,89,218.7228469063257,-16.45129693054863
7,exterior,90,218.72284640290326,-16.451297776342567
7,exterior,91,218.72284598506806,-16.451298667530157
7,exterior,92,218.72284565686812,-16.451299595477554
7,exterior,93,218.72284542148307,-16.451300551194798
7,exterior,94,218.7228452811933,-16.451301525422878
7,exterior,95,218.72284523735794,-16.451302508723458
7,exterior,96,218.72897349129605,-17.759788638165578
7,exterior,97,218.72897354373868,-17.7597896151889
7,exterior,98,218.72897369141066,-17.75979058241058
7,exterior,99,218.72897393289836,-17.759791530571167
7,exterior,100,218.72897426588992,-17.759792450593682
7,exterior,101,218.7289746871975,-17.759793333670522
7,exterior,102,218.72897519278789,-17.75979417134777
7,exterior,103,218.7289757778209,-17.759794955606143
7,exterior,104,218.72897643669586,-17.75979567893773
7,exterior,105,218.72897716310518,-17.75979633441791
7,exterior,106,218.72897795009484,-17.7597969157716
7,exterior,107,218.72897879013072,-17.759797417433358
7,exterior,108,218.72897967517096,-17.759797834600654
7,exterior,109,218.72898059674287,-17.75979816327984
7,exterior,110,218.72898154602402,-17.759798400324392
7,exterior,111,218.72898251392667,-17.75979854346502
7,exterior,112,218.7289834911849,-17.759798591331403
7,exterior,113,219.05667193999219,-17.759798639778282
7,exterior,114,219.05667217330583,-17.759798651202548
7,exterior,115,219.0566721859344,-17.759798884454298
7,exterior,116,219.0652748316556,-19.426151289238796
7,exterior,117,219.06527482130085,-19.42615152396272
7,exterior,118,219.0652745866337,-19.42615153552909
7,exterior,119,217.50683546175878,-19.426151284301724
7,exterior,120,217.5068346418681,-19.426151317969303
7,exterior,121,217.50683382749818,-19.4261514187456
7,exterior,122,217.50683345280387,-19.42615149673164
7,exterior,123,217.5068332732918,-19.426151523448517
7,exterior,124,217.50683302819212,-19.42615153552909
7,exterior,125,215.94839390331725,-19.426151284301724
7,exterior,126,215.94839308342657,-19.426151317969303
7,exterior,127,215.94839226905665,-19.4261514187456
7,exterior,128,215.94839189436235,-19.42615149673164
7,exterior,129,215.94839171485026,-19.426151523448517
7,exterior,130,215.9483914697506,-19.42615153552909
7,exterior,131,214.38995234487572,-19.426151284301724
7,exterior,132,214.38995152498504,-19.426151317969303
7,exterior,133,214.38995071061512,-19.4261514187456
7,exterior,134,214.38995033592082,-19.42615149673164
7,exterior,135,214.38995015640873,-19.426151523448517
7,exterior,136,214.38994991130906,-19.42615153552909
7,exterior,137,212.62297821193673,-19.426151250685336
7,exterior,138,212.62297797726958,-19.426151239118894
7,exterior,139,212.62297796691487,-19.42615100439516
7,exterior,140,212.63065736299677,-17.9387333346656
7,exterior,141,212.63065731960492,-17.938732351045957
7,exterior,142,212.630657179696,-17.93873137646095
7,exterior,143,212.63065694462617,-17.938730420358112
7,exterior,144,212.63065661667426,-17.93872949200581
7,exterior,145,212.63065619901937,-17.938728600403408
7,exterior,146,212.63065569571023,-17.93872775419401
7,exterior,147,212.63065511162583,-17.938726961580688
7,exterior,148,212.63065445242827,-17.938726230246964
7,exterior,149,212.6306537245077,-17.938725567282315
7,exterior,150,212.6306529349206,-17.938724979113456
7,exterior,151,212.63065209132102,-17.938724471442043
7,exterior,152,212.63065120188688,-17.938724049189393
7,exterior,153,212.63065027524016,-17.93872371644878
7,exterior,154,212.63064932036372,-17.938723476445762
7,exterior,155,212.63064834651405,-17.938723331506907
7,exterior,156,212.63064736313154,-17.938723283037238
7,exterior,157,212.3430917173246,-17.93872324010947
7,exterior,158,212.3430914827202,-17.938723228549645
8,exterior,0,204.6563660368035,-9.01410374543487
8,exterior,1,204.6563660257741,-9.014103511143563
8,exterior,2,204.65988652053287,-7.347734826729248
8,exterior,3,204.65988653249278,-7.347734593040124
8,exterior,4,204.65988676620674,-7.347734581573973
8,exterior,5,205.30092033703875,-7.347734621310326
8,exterior,6,205.3009213161411,-7.347734573262888
8,exterior,7,205.3009222858348,-7.347734429582163
8,exterior,8,205.30092323680154,-7.34773419164885
8,exterior,9,205.300924159903,-7.34773386174937
8,exterior,10,205.30092504626865,-7.347733443053893
8,exterior,11,205.30092588738097,-7.347732939585871
8,exterior,12,205.30092667515729,-7.347732356183381
8,exterior,13,205.30092740202747,-7.3477316984526295
8,exterior,14,205.30092806100663,-7.34773097271408
8,exterior,15,205.30092864576235,-7.347730185941717
8,exterior,16,205.3009291506754,-7.347729345696028
8,exterior,17,205.30092957089377,-7.347728460051356
8,exterior,18,205.30092990237947,-7.347727537518303
8,exterior,19,205.300930141947,-7.347726586961949
8,exterior,20,205.30093028729428,-7.347725617516666
8,exterior,21,205.3009303370246,-7.347724638498338
8,exterior,22,205.303486943571,-5.860290934745195
8,exterior,23,205.30348695544438,-5.860290700999528
8,exterior,24,205.30348718921,-5.8602906895279565
8,exterior,25,205.93922306751756,-5.860290720989738
8,exterior,26,205.93922404686123,-5.860290672918542
8,exterior,27,205.93922501678927,-5.860290529167028
8,exterior,28,205.93922596797648,-5.860290291117259
8,exterior,29,205.93922689127803,-5.860289961057903
8,exterior,30,205.93922777781694,-5.860289542162235
8,exterior,31,205.9392286190699,-5.860289038457621
8,exterior,32,205.93922940694884,-5.860288454786803
8,exterior,33,205.93923013387894,-5.860287796761336
8,exterior,34,205.93923079287129,-5.860287070707641
8,exterior,35,205.93923137759015,-5.86028628360618
8,exterior,36,205.9392318824139,-5.860285443024341
8,exterior,37,205.93923230248907,-5.860284557043688
8,exterior,38,205.93923263377695,-5.860283634182258
8,exterior,39,205.9392328730924,-5.860282683312669
8,exterior,40,205.93923301813464,-5.860281713576821
8,exterior,41,205.93923306750918,-5.860280734297994
8,exterior,42,205.9410939130284,-4.46201795470096
8,exterior,43,205.94258757460165,-2.8854008272226626
8,exterior,44,205.9425875863054,-2.885400593366933
8,exterior,45,205.94258782017218,-2.88540058188474
8,exterior,46,207.43014693995372,-2.885400618179322
8,exterior,47,207.43014791977237,-2.8854005700613503
8,exterior,48,207.43014889016166,-2.8854004261704524
8,exterior,49,207.4301498417829,-2.8854001878913778
8,exterior,50,207.43015076547812,-2.8853998575172275
8,exterior,51,207.43015165235803,-2.8853994382273913
8,exterior,52,207.43015249388765,-2.8853989340569455
8,exterior,53,207.43015328196844,-2.885398349857825
8,exterior,54,207.4301540090162,-2.885397691252128
8,exterior,55,207.43015466803416,-2.885396964578012
8,exterior,56,207.43015525268018,-2.8853961768286975
8,exterior,57,207.43015575732784,-2.8853953355851685
8,exterior,58,207.43015617712064,-2.8853944489432153
8,exterior,59,207.43015650801863,-2.885393525435525
8,exterior,60,207.4301567468374,-2.8853925739495656
8,exterior,61,207.43015689127867,-2.8853916036420575
8,exterior,62,207.43015693995235,-2.88539062385085
8,exterior,63,207.43100054334442,-1.3979550463182662
8,exterior,64,207.4310005549645,-1.3979548124083256
8,exterior,65,207.43100078888116,-1.3979548009208964
8,exterior,66,208.918603491073,-1.3979548185115538
8,exterior,67,208.91860398157272,-1.3979548064748162
8,exterior,68,208.91860409466628,-1.3979548009208964
8,exterior,69,210.4062067968581,-1.3979548185115538
8,exterior,70,210.40620728735783,-1.3979548064748157
8,exterior,71,210.4062074004514,-1.3979548009208962
8,exterior,72,212.07307588805807,-1.3979548206313421
8,exterior,73,212.0730761219747,-1.397954832118776
8,exterior,74,212.0730761335948,-1.3979550660290443
8,exterior,75,212.07391968073122,-2.885390591970323
8,exterior,76,212.07391972940488,-2.8853915717615237
8,exterior,77,212.07391987384608,-2.8853925420690296
8,exterior,78,212.07392011266484,-2.8853934935549903
8,exterior,79,212.07392044356277,-2.885394417062686
8,exterior,80,212.07392086335554,-2.8853953037046494
8,exterior,81,212.07392136800314,-2.8853961449481926
8,exterior,82,212.07392195264913,-2.8853969326975255
8,exterior,83,212.07392261166703,-2.8853976593716646
8,exterior,84,212.0739233387148,-2.8853983179773883
8,exterior,85,212.07392412679553,-2.88539890217654
8,exterior,86,212.07392496832512,-2.8853994063470205
8,exterior,87,212.073925855205,-2.885399825636896
8,exterior,88,212.07392677890022,-2.8854001560110873
8,exterior,89,212.07392773052143,-2.885400394290207
8,exterior,90,212.0739287009107,-2.885400538181152
8,exterior,91,212.07392968072935,-2.885400586299173
8,exterior,92,213.5614888028142,-2.885400622593755
8,exterior,93,213.56148903668102,-2.8854006340759595
8,exterior,94,213.56148904838474,-2.8854008679317094
8,exterior,95,213.56289812642316,-4.372835966216705
8,exterior,96,213.56289817544584,-4.372836945752859
8,exterior,97,213.56289832018635,-4.372837915775788
8,exterior,98,213.56289855925246,-4.372838866954897
8,exterior,99,213.56289889034457,-4.372839790140849
8,exterior,100,213.56289931027797,-4.37284067645357
8,exterior,101,213.56289981501334,-4.372841517367669
8,exterior,102,213.56290039969562,-4.372842304794442
8,exterior,103,213.56290105870082,-4.3728430311596735
8,exterior,104,213.56290178568997,-4.3728436894765
8,exterior,105,213.56290257367027,-4.372844273412609
8,exterior,106,213.56290341506212,-4.372844777351151
8,exterior,107,213.56290430177222,-4.372845196444772
8,exterior,108,213.5629052252714,-4.372845526662233
8,exterior,109,213.56290617667656,-4.372845764827191
8,exterior,110,213.56290714683615,-4.372845908648752
8,exterior,111,213.5629081264183,-4.372845956743502
8,exterior,112,215.0504670063511,-4.372846011718046
8,exterior,113,215.05046724016762,-4.372846023194977
8,exterior,114,215.0504672519557,-4.372846256996423
8,exterior,115,215.05268475511213,-6.039217144948204
8,exterior,116,215.05268474391016,-6.039217379128902
8,exterior,117,215.0526845097448,-6.039217390642459
8,exterior,118,214.44781210714208,-6.039217359797451
8,exterior,119,214.44781112590164,-6.039217408055483
8,exterior,120,214.44781015413176,-6.03921755236391
8,exterior,121,214.44780920121158,-6.039217791329923
8,exterior,122,214.4478082763383,-6.039218122647115
8,exterior,123,214.4478073884385,-6.039218543117737
8,exterior,124,214.44780654608178,-6.03921904868357
8,exterior,125,214.44780575739827,-6.039219634465086
8,exterior,126,214.44780503000007,-6.039220294808546
8,exterior,127,214.44780437090773,-6.039221023340568
8,exterior,128,214.44780378648252,-6.039221813029642
8,exterior,129,214.44780328236516,-6.03922265625399
8,exterior,130,214.44780286342112,-6.039223544875136
8,exterior,131,214.44780253369393,-6.039224470316449
8,exterior,132,214.447802296366,-6.039225423645923
8,exterior,133,214.4478021537279,-6.039226395662389
8,exterior,134,214.44780210715635,-6.039227376984317
8,exterior,135,214.45005100720095,-7.347724647742116
8,exterior,136,214.45005105693116,-7.347725626760443
8,exterior,137,214.45005120227833,-7.347726596205736
8,exterior,138,214.45005144184574,-7.347727546762112
8,exterior,139,214.45005177333132,-7.347728469295198
8,exterior,140,214.45005219354962,-7.347729354939914
8,exterior,141,214.45005269846254,-7.347730195185656
8,exterior,142,214.45005328321815,-7.347730981958084
8,exterior,143,214.45005394219723,-7.347731707696707
8,exterior,144,214.45005466906733,-7.347732365427541
8,exterior,145,214.45005545684356,-7.347732948830123
8,exterior,146,214.45005629795583,-7.347733452298243
8,exterior,147,214.45005718432142,-7.347733870993826
8,exterior,148,214.45005810742285,-7.347734200893417
8,exterior,149,214.45005905838954,-7.347734438826845
8,exterior,150,214.45006002808321,-7.34773458250769
8,exterior,151,214.45006100718555,-7.34773463055525
8,exterior,152,215.34005723611727,-7.347734685724286
8,exterior,153,215.34005746983124,-7.347734697190465
8,exterior,154,215.34005748179112,-7.347734930879848
8,exterior,155,215.3435777419593,-9.014103639271184
8,exterior,156,215.34357773092987,-9.014103873562794
8,exterior,157,215.3435774966621,-9.014103885087115
8,exterior,158,213.84362389840516,-9.014103771179691
8,exterior,159,213.84362291667023,-9.014103819486467
8,exterior,160,213.8436219444202,-9.014103963940233
8,exterior,161,213.84362099104834,-9.014104203145369
8,exterior,162,213.84362006576552,-9.014104534790825
8,exterior,163,213.84361917751124,-9.014104955672453
8,exterior,164,213.84361833486724,-9.014105461723958
8,exterior,165,213.84361754597467,-9.01410604805619
8,exterior,166,213.84361681845525,-9.014106709004377
8,exterior,167,213.84361615933784,-9.014107438182853
8,exterior,168,213.84361557499042,-9.014108228546755
8,exterior,169,213.84361507105857,-9.014109072460085
8,exterior,170,213.843614652411,-9.014109961769485
8,exterior,171,213.84361432309237,-9.014110887883007
8,exterior,172,213.8436140862844,-9.014111841853124
8,exterior,173,213.84361394427492,-9.014112814463179
8,exterior,174,213.843613898436,-9.014113796316426
8,exterior,175,213.8473528268122,-10.501545008548032
8,exterior,176,213.84735281587137,-10.501545242896674
8,exterior,177,213.84735258155104,-10.501545254426524
8,exterior,178,212.34735437590882,-10.501545121914841
8,exterior,179,212.34735363908806,-10.50154514909696
8,exterior,180,212.34735290627296,-10.50154523049568
8,exterior,181,212.34735282624243,-10.501545242386356
8,exterior,182,212.34735258155098,-10.501545254426524
8,exterior,183,210.8473543759089,-10.501545121914845
8,exterior,184,210.84735363908814,-10.501545149096964
8,exterior,185,210.84735290627304,-10.501545230495685
8,exterior,186,210.84735282624254,-10.501545242386356
8,exterior,187,210.8473525815511,-10.501545254426524
8,exterior,188,209.3473543759089,-10.501545121914843
8,exterior,189,209.3473536390881,-10.501545149096964
8,exterior,190,209.34735290627302,-10.501545230495687
8,exterior,191,209.3473528262425,-10.501545242386358
8,exterior,192,209.3473525815511,-10.501545254426524
8,exterior,193,207.84735437590885,-10.501545121914845
8,exterior,194,207.84735363908808,-10.501545149096964
8,exterior,195,207.847352906273,-10.501545230495685
8,exterior,196,207.84735282624248,-10.501545242386356
8,exterior,197,207.84735258155104,-10.501545254426524
8,exterior,198,206.1525909346113,-10.501545104709201
8,exterior,199,206.15259070029094,-10.501545093179308
8,exterior,200,206.15259068935018,-10.501544858830691
8,exterior,201,206.15632986631533,-9.014113896005064
8,exterior,202,206.15632982047657,-9.0141129141518
8,exterior,203,206.15632967846727,-9.014111941541712
8,exterior,204,206.15632944165944,-9.014110987571547
8,exterior,205,206.15632911234096,-9.014110061457963
8,exterior,206,206.15632869369352,-9.014109172148487
8,exterior,207,206.1563281897618,-9.014108328235068
8,exterior,208,206.1563276054145,-9.014107537871064
8,exterior,209,206.1563269462972,-9.014106808692475
8,exterior,210,206.15632621877788,-9.014106147744165
8,exterior,211,206.15632542988538,-9.014105561411803
8,exterior,212,206.15632458724147,-9.014105055360158
8,exterior,213,206.15632369898725,-9.014104634478388
8,exterior,214,206.1563227737045,-9.014104302832783
8,exterior,215,206.15632182033264,-9.014104063627496
8,exterior,216,206.15632084808263,-9.014103919173579
8,exterior,217,206.1563198663477,-9.014103870866652
8,exterior,218,204.65636627107128,-9.01410375695923
8,exterior,219,204.6563660368035,-9.01410374543487
9,exterior,0,181.40020775838795,7.526716606651611
9,exterior,1,181.40020799260418,7.526716618170543
9,exterior,2,182.1594983693694,7.526716666377358
9,exterior,3,182.15949935085482,7.526716714659659
9,exterior,4,182.15950032286256,7.526716859040205
9,exterior,5,182.1595012760065,7.526717098124792
9,exterior,6,182.15950220108263,7.526717429604712
9,exterior,7,182.15950308915802,7.526717850279048
9,exterior,8,182.159503931657,7.526718356085578
9,exterior,9,182.15950472044406,7.526718942140008
9,exterior,10,182.1595054479023,7.5267196027831345
9,exterior,11,182.15950610700702,7.526720331635492
9,exterior,12,182.15950669139363,7.526721121658954
9,exterior,13,182.15950719541905,7.526721965224701
9,exterior,14,182.15950761421618,7.526722854186885
9,exterior,15,182.15950794374095,7.526723779961287
9,exterior,16,182.15950818081126,7.526724733608217
9,exterior,17,182.15950832313789,7.526725705918831
9,exterior,18,182.15950836934647,7.526726687504063
9,exterior,19,182.15636590793247,9.014159048955618
9,exterior,20,182.15636591896185,9.014159283246926
9,exterior,21,182.15636615322964,9.014159294771286
9,exterior,22,183.65631972725592,9.0141594086794
9,exterior,23,183.65632070899085,9.014159456986327
9,exterior,24,183.65632168124085,9.014159601440245
9,exterior,25,183.6563226346127,9.014159840645533
9,exterior,26,183.65632355989547,9.014160172291136
9,exterior,27,183.6563244481497,9.014160593172909
9,exterior,28,183.6563252907936,9.014161099224552
9,exterior,29,183.65632607968612,9.014161685556916
9,exterior,30,183.65632680720543,9.014162346505227
9,exterior,31,183.65632746632272,9.014163075683816
9,exterior,32,183.65632805067003,9.01416386604782
9,exterior,33,183.65632855460174,9.014164709961241
9,exterior,34,183.65632897324917,9.014165599270717
9,exterior,35,183.65632930256766,9.0141665253843
9,exterior,36,183.6563295393755,9.014167479354468
9,exterior,37,183.6563296813848,9.014168451964554
9,exterior,38,183.65632972722355,9.01416943381782
9,exterior,39,183.65259054902327,10.501600396593295
9,exterior,40,183.65259055996404,10.501600630941912
9,exterior,41,183.6525907942844,10.501600642471805
9,exterior,42,185.34735272186862,10.501600792189931
9,exterior,43,185.34735296656007,10.501600780149763
9,exterior,44,185.34735304659526,10.501600768258395
9,exterior,45,185.34735377941033,10.50160068685968
9,exterior,46,185.3473545162311,10.50160065967756
9,exterior,47,185.9307862092852,10.5016007112189
9,exterior,48,185.9307871912751,10.501600759550994
9,exterior,49,185.9307881637727,10.501600904079906
9,exterior,50,185.9307891173774,10.501601143408562
9,exterior,51,185.9307900428713,10.501601475223513
9,exterior,52,185.93079093130822,10.501601896317304
9,exterior,53,185.9307917741002,10.501602402619474
9,exterior,54,185.9307925631004,10.501602989235902
9,exterior,55,185.93079329068206,10.501603650496119
9,exterior,56,185.93079394981208,10.501604380008116
9,exterior,57,185.93079453411906,10.50160517072014
9,exterior,58,185.93079503795485,10.501606014988848
9,exterior,59,185.93079545644918,10.501606904653203
9,exterior,60,185.93079578555665,10.501607831113349
9,exterior,61,185.93079602209608,10.501608785413753
9,exterior,62,185.9307961637809,10.501609758329762
9,exterior,63,185.93079620924158,10.50161074045678
9,exterior,64,185.92644726248753,11.989040177474523
9,exterior,65,185.92644727333774,11.989040411881547
9,exterior,66,185.92644750771174,11.989040423417093
9,exterior,67,187.6299810718303,11.98904059493348
9,exterior,68,187.62998131658495,11.989040582887062
9,exterior,69,187.62998152498818,11.989040551915004
9,exterior,70,187.62998225799177,11.98904047047397
9,exterior,71,187.62998299500416,11.989040443277698
9,exterior,72,189.1362572224579,11.98904059493348
9,exterior,73,189.13625745683197,11.98904058339798
9,exterior,74,189.1362574676822,11.989040348991214
9,exterior,75,189.13190881033506,10.501610758223224
9,exterior,76,189.13190885579593,10.501609776096226
9,exterior,77,189.13190899748093,10.501608803180256
9,exterior,78,189.13190923402053,10.50160784887991
9,exterior,79,189.1319095631282,10.501606922419837
9,exterior,80,189.13190998162267,10.501606032755573
9,exterior,81,189.1319104854586,10.501605188486968
9,exterior,82,189.13191106976575,10.501604397775065
9,exterior,83,189.1319117288959,10.501603668263197
9,exterior,84,189.13191245647766,10.501603007003125
9,exterior,85,189.131913245478,10.501602420386847
9,exterior,86,189.13191408827,10.501601914084839
9,exterior,87,189.131914976707,10.501601492991213
9,exterior,88,189.13191590220097,10.501601161176431
9,exterior,89,189.1319168558057,10.50160092184795
9,exterior,90,189.1319178283033,10.501600777319213
9,exterior,91,189.1319188102932,10.501600728987293
9,exterior,92,189.84735272186856,10.501600792189931
9,exterior,93,189.84735296656,10.501600780149763
9,exterior,94,189.8473530465952,10.501600768258395
9,exterior,95,189.84735377941027,10.50160068685968
9,exterior,96,189.84735451623104,10.50160065967756
9,exterior,97,191.34735272186862,10.501600792189931
9,exterior,98,191.34735295618896,10.50160078066008
9,exterior,99,191.34735296712978,10.501600546311435
9,exterior,100,191.3433874743301,8.924037346352735
9,exterior,101,191.34005759864357,7.347790468693714
9,exterior,102,191.3400575866837,7.347790235004334
9,exterior,103,191.34005735296972,7.347790223538155
9,exterior,104,190.549646165159,7.347790174541824
9,exterior,105,190.54964518605667,7.347790126494265
9,exterior,106,190.549644216363,7.34778998281342
9,exterior,107,190.5496432653963,7.347789744879992
9,exterior,108,190.54964234229487,7.347789414980401
9,exterior,109,190.54964145592928,7.347788996284818
9,exterior,110,190.549640614817,7.347788492816698
9,exterior,111,190.54963982704078,7.347787909414118
9,exterior,112,190.54963910017068,7.347787251683283
9,exterior,113,190.5496384411916,7.3477865259446595
9,exterior,114,190.549637856436,7.347785739172233
9,exterior,115,190.54963735152307,7.3477848989264904
9,exterior,116,190.54963693130478,7.3477840132817756
9,exterior,117,190.5496365998192,7.347783090748689
9,exterior,118,190.54963636025178,7.347782140192314
9,exterior,119,190.5496362149046,7.347781170747021
9,exterior,120,190.5496361651744,7.3477801917286945
9,exterior,121,190.54707972856053,5.86034655549933
9,exterior,122,190.5470797166872,5.86034632175368
9,exterior,123,190.54707948292156,5.860346310282086
9,exterior,124,189.7632005133521,5.860346271488521
9,exterior,125,189.76319953400844,5.860346223417231
9,exterior,126,189.76319856408043,5.860346079665625
9,exterior,127,189.7631976128932,5.860345841615766
9,exterior,128,189.76319668959175,5.860345511556325
9,exterior,129,189.76319580305284,5.860345092660575
9,exterior,130,189.76319496179994,5.8603445889558845
9,exterior,131,189.76319417392105,5.860344005284996
9,exterior,132,189.76319344699104,5.860343347259465
9,exterior,133,189.76319278799878,5.860342621205714
9,exterior,134,189.76319220327997,5.860341834104203
9,exterior,135,189.7631916984563,5.860340993522322
9,exterior,136,189.7631912783812,5.860340107541635
9,exterior,137,189.76319094709342,5.860339184680179
9,exterior,138,189.76319070777805,5.860338233810576
9,exterior,139,189.7631905627359,5.86033726407472
9,exterior,140,189.76319051336145,5.860336284795893
9,exterior,141,189.76121112732983,4.372901794882553
9,exterior,142,189.76121111554176,4.3729015610811075
9,exterior,143,189.76121088172525,4.372901549604177
9,exterior,144,188.27365198076907,4.372901494628937
9,exterior,145,188.27365100118692,4.372901446534186
9,exterior,146,188.27365003102733,4.372901302712625
9,exterior,147,188.27364907962217,4.372901064547667
9,exterior,148,188.273648156123,4.372900734330207
9,exterior,149,188.2736472694129,4.372900315236587
9,exterior,150,188.27364642802104,4.372899811298043
9,exterior,151,188.27364564004074,4.372899227361935
9,exterior,152,188.27364491305158,4.372898569045109
9,exterior,153,188.2736442540464,4.372897842679876
9,exterior,154,188.2736436693641,4.372897055253104
9,exterior,155,188.27364316462874,4.372896214339005
9,exterior,156,188.27364274469534,4.372895328026284
9,exterior,157,188.27364241360323,4.372894404840332
9,exterior,158,188.27364217453712,4.372893453661224
9,exterior,159,188.2736420297966,4.372892483638294
9,exterior,160,188.27364198077393,4.372891504102141
9,exterior,161,188.27223290255793,2.885456405841715
9,exterior,162,188.2722328908542,2.885456171985966
9,exterior,163,188.2722326569874,2.8854561605037614
9,exterior,164,186.6037447924418,2.885456119793962
9,exterior,165,186.60374429820882,2.885456144059392
9,exterior,166,186.60374380782778,2.8854561560902954
9,exterior,167,185.11614148665663,2.885456119793962
9,exterior,168,185.11614099242365,2.885456144059392
9,exterior,169,185.1161405020426,2.8854561560902954
9,exterior,170,183.62853818087146,2.885456119793962
9,exterior,171,183.62853768663848,2.885456144059392
9,exterior,172,183.62853719625744,2.8854561560902954
9,exterior,173,182.1409348750864,2.8854561197939614
9,exterior,174,182.14093464121962,2.8854561312761544
9,exterior,175,182.14093462951587,2.8854563651318843
9,exterior,176,182.13944101973053,4.462018630509049
9,exterior,177,182.13758010086488,5.860336277039307
9,exterior,178,182.13758005149035,5.860337256318134
9,exterior,179,182.1375799064481,5.860338226053982
9,exterior,180,182.13757966713266,5.86033917692357
9,exterior,181,182.13757933584478,5.860340099785
9,exterior,182,182.1375789157696,5.860340985765653
9,exterior,183,182.13757841094585,5.860341826347492
9,exterior,184,182.137577826227,5.860342613448953
9,exterior,185,182.13757716723464,5.860343339502647
9,exterior,186,182.13757644030454,5.860343997528114
9,exterior,187,182.1375756524256,5.860344581198932
9,exterior,188,182.13757481117264,5.860345084903546
9,exterior,189,182.13757392463373,5.860345503799214
9,exterior,190,182.13757300133219,5.860345833858569
9,exterior,191,182.13757205014497,5.860346071908339
9,exterior,192,182.13757108021693,5.8603462156598525
9,exterior,193,182.13757010087326,5.860346263731048
9,exterior,194,181.40307215630384,5.860346227381312
9,exterior,195,181.40307192253823,5.860346238852883
9,exterior,196,181.40307191066483,5.860346472598549
9,exterior,197,181.40020774727162,7.526716372415966
9,exterior,198,181.40020775838795,7.526716606651611
